arg_id,summary,sentiment,accuracy,brevity,reviewer_id,sentiment,accuracy,brevity,reviewer_id,sentiment,accuracy,brevity,reviewer_id,sentiment,accuracy,brevity,reviewer_id
s0_s,"# Summary

The argument has two main components:

1. **The paparazzi problem**: Tabloid culture normalizes invasive surveillance of celebrities, where paparazzi disregard privacy rights to capture photos that feed public curiosity.

2. **The parasocial relationship problem**: Beyond the stalking issue, being genuinely invested in celebrities' real-world romantic lives is inherently parasocial and strange. While enjoying fictional relationships in films is acceptable, caring about actors' actual personal relationships blurs art with reality in an unhealthy way.

**The core claim**: The poster finds it self-evidently weird that people discuss celebrity relationships with the same enthusiasm they'd use for friends' relationships, and is puzzled by how people justify this behavior.",1,1,2,3,1,1,2,1,1,2,2,2,0,0,1,0
s1_s,"# Summary

The arguer claims that **religious opposition to homosexuality is inherently homophobic**, regardless of intent or civility.

**Key points:**
- ""Not supporting"" homosexuality means disapproving of or opposing it
- This disapproval—whether based on religion or other reasons—constitutes homophobia by definition
- The arguer acknowledges religious belief doesn't make someone a ""horrible person,"" but insists the label ""homophobic"" still applies
- They define homophobia as ""dislike of or prejudice against homosexuality"" (not just fear)
- They reject semantic arguments that homophobia requires explicit fear or hostility

**Core claim:** Even if someone is respectful and motivated by sincere religious conviction, opposing same-sex relationships is still homophobic because opposition itself expresses prejudice.",1,2,2,3,1,1,2,1,1,1,1,2,0,1,1,0
s2_u,"# Summary

The author argues that WW3 talk is overblown and reflects poor historical understanding. Their key points:

1. **Current conflicts are contained**: Iran and Ukraine are proxy wars—similar to Cold War dynamics—where superpowers deliberately avoid direct confrontation due to established international norms and fear of consequences.

2. **Nuclear weapons prevent escalation**: MAD (Mutually Assured Destruction) makes nuclear war implausible, effectively removing the worst-case scenario from realistic consideration.

3. **Military readiness isn't preparation for imminent war**: While nations are modestly increasing military capacity, it's insufficient for a traditional world war and reflects defensive posturing rather than war preparation.

4. **Social media focuses on the wrong threat**: Any realistic large-scale conflict would likely occur through cyber or economic means, but this doesn't match the dramatic narrative people actually discuss online.

**Bottom line**: The WW3 discourse is sensationalism driven by uninformed audiences, while the actual geopolitical situation remains relatively stable due to deterrents and mutual reluctance to escalate.",0,2,2,3,0,2,2,1,1,2,2,2,1,2,2,0
s4_u,"# Summary

The arguer, while supporting legal abortion, contends that the ""my body, my choice"" framing has been **strategically and morally counterproductive**. Instead, abortion should be framed as a **healthcare and public health issue**.

## Main Arguments:

1. **Policy ≠ Personal Preference**: Public policy should maximize population-level outcomes (mortality, morbidity), not individual autonomy claims.

2. **Framing Determines Debate**: Rights-based framing creates unwinnable philosophical standoffs (""bodily autonomy"" vs ""fetus's moral status""), while healthcare framing stays evidence-based.

3. **Outcomes Trump Metaphysics**: Regardless of fetal moral status, bans increase maternal death and unsafe procedures without reducing abortion rates—so access saves lives.

4. **Rhetorical Harm**: ""My body, my choice"" subtly blames women for their circumstances rather than addressing poverty, coercion, and structural failures; it implies abortion is an empowering *choice* when it's often forced necessity.

5. **Political Backfire**: Confrontational rights-based messaging hardens opposition, fuels backlash, and makes compromise impossible; healthcare framing could appeal to moderates and conservatives.

6. **Vulnerable Populations Suffer**: Activist signaling increases stigma and shame for poor,",0,2,2,3,0,2,1,1,1,2,2,2,1,2,2,0
s5_s,"# Summary

The author argues that parents who are **aware of their chronic mental health condition and capable of treating it have an obligation to pursue treatment** before or while raising children.

## Key Points:

**Caveats:**
- This applies only to those rational enough to recognize their condition and treatment options
- It doesn't mean people with mental illness shouldn't have children or deserve punishment
- Many untreated conditions pose no serious danger

**Main Argument:**
Children learn by observing parental behaviors and modeling them. When a parent exhibits untreated mental health symptoms (e.g., compulsive rituals), children may:
1. Adopt the same behaviors to cope with parental emotional reactions
2. Internalize unhealthy thought patterns that become difficult to overcome later

**Evidence:**
Research shows children in close proximity to untreated parental mental illness often exhibit similar behaviors—not from having the condition themselves, but from learned coping strategies.

**Conclusion:**
Since parenthood shifts responsibility from self to children, those capable of treating their conditions should do so *and* communicate transparently about their mental health to avoid passing on unhealthy patterns.

The core claim: **Rational, capable parents have a moral responsibility to treat their chronic mental health conditions for their children's wellbeing.**",1,2,2,3,1,1,1,1,1,1,1,2,1,2,2,0
s7_s,"# Summary

The argument makes three main points:

**1. The ""electability"" argument is flawed**
- Right-wing media will paint any Democrat as a socialist regardless of their actual positions (citing Biden as proof)
- So there's no strategic advantage to nominating a centrist; they'll be attacked the same way anyway

**2. Progressive policies are popular and necessary**
- Americans support progressive ideas (healthcare, wages) when asked directly
- Only a genuine progressive will actually fight for these policies
- Obama's centrism resulted in watered-down compromises (ACA instead of universal healthcare)

**3. Nominating another centrist is strategically worse**
- A centrist will be *painted* as a socialist for 4 years (like a progressive would be)
- But without actual progressive accomplishments, Democratic voters will be demoralized
- This sets up Republican dominance in 2032
- Historical example: Bill Clinton's ""fight for the center"" strategy no longer works when the country is in crisis and demanding change
- Evidence: Harris lost because Democratic turnout was low; progressives generate enthusiasm

**Core thesis:** Since Democrats will be attacked as radicals regardless, they should actually *be* progressive and deliver results to motivate voters and address the country's problems.",1,2,2,3,1,1,1,1,1,1,2,2,1,1,1,0
s8_s,"# Summary

The argument claims that recent US-Israel military strikes against Iran (beginning February 28) serve as a deliberate distraction from a DOJ scandal. Specifically:

**The alleged scandal:** The DOJ released 3 million Epstein files but, according to NPR reporting, has been selectively removing mentions of Trump from the documents.

**The theory:** The timing of military escalation conveniently coincides with when this story should have received major coverage, and mainstream media has since stopped reporting on the Epstein files.

**The conclusion:** This is either a coincidental timing or an intentional use of foreign conflict to bury domestic political embarrassment.

---

## Worth noting:
- The argument relies on correlation (timing) rather than demonstrated causation
- It assumes coordinated media silence rather than considering whether the story naturally lost news cycle prominence
- No evidence is presented that military decisions were made *because of* the DOJ issue rather than for independent geopolitical reasons
- The claim about DOJ ""scrubbing"" would itself be a significant story if substantiated, so total media silence seems unlikely",1,2,2,3,1,1,1,1,1,2,2,2,0,1,0,0
s9_u,"# Summary

The author argues that cat owners who allow their cats to roam freely are acting immorally due to the significant environmental damage caused by outdoor cats.

**Main points:**

- **The problem**: Outdoor domestic cats kill billions of birds and small mammals annually and are an invasive species that damages ecosystems, particularly on islands where they've caused extinctions
- **The solution**: Cats should be kept indoors, in secure outdoor areas, or managed through spaying/neutering and population control
- **The exception**: Working cats on farms may be necessary when alternatives (like pesticides) would cause greater environmental harm
- **The hypocrisy**: Many self-identified environmentalists and bird-watchers own outdoor cats despite knowing the ecological damage

**Revisions made during discussion:**

The author moderated their initial stance, acknowledging that:
- Indoor cats should be spayed/neutered
- Some working cats serve a practical purpose
- Feral cat population management is complex and context-dependent
- Having an indoor cat isn't a ""moral failing,"" but allowing unneutered cats to roam freely is

The author grew frustrated with counterarguments that ""humans cause more damage,"" viewing these as deflections rather than genuine engagement with the specific issue of cat predation.",0,2,2,3,1,2,1,1,1,2,2,2,1,2,2,0
s10_u,"# Summary

The OP argues that the ""cow punishment"" (a historical post-WWII punishment allegedly used by Eastern Europeans on captured Nazis) was not actually an effective or harsh punishment, despite others praising it as poetic justice.

**The punishment details:** Nazi soldiers would stand with their face 3cm from a cow's rear end for 12 hours daily, hands/legs restrained, for approximately 20 days. Between sessions they'd be locked in a stall.

**OP's argument:** While admittedly gross, the punishment wouldn't be that bad because:
- You'd get used to the smell
- Cow manure isn't actually that unpleasant (farm experience)
- Most of the time would just be standing around bored
- A war criminal would likely find 20 days of this preferable to more severe punishments

**The core claim:** The OP believes he's missing something about why others consider this punishment so devastating, but based on his understanding, it seems more like an uncomfortable inconvenience than a genuinely effective or feared punishment for serious war crimes.

He's asking whether the punishment would actually be worse than he's estimating, or if others were overstating its harshness for emotional/poetic reasons.",0,2,2,3,0,1,1,1,1,2,2,2,1,2,2,0
s11_u,"# Summary

The argument claims that the US deliberately constrains European power through:

**Strategic containment mechanisms:**
- NATO dominance limiting European military independence
- Infrastructure sabotage (pipelines)
- Economic warfare (sanctions, dollar hegemony)
- Destabilization via wars and refugee crises

**Ideological control:**
- Monopolizing narratives around democracy and freedom
- Using historical guilt (especially against Germany) to prevent European assertion

**Geopolitical reasoning:**
- Europe's superior resources, technology, and geography make it the actual greatest threat to US hegemony
- Invoking Mackinder's theory: a dominant Eurasian power (particularly from the European plains) could control the world's resources and eventually challenge American dominance
- Germany/Russia could theoretically achieve this domination

**Core conclusion:** 
Europe and the US are not genuine allies but strategic enemies. The US views a unified, powerful Europe as an existential threat and actively works to prevent it, making European containment a primary—though often hidden—goal of American foreign policy.

The author acknowledges this is a realist International Relations perspective they could substantiate with evidence but claims limited motivation to do so on Reddit.",0,2,2,3,0,1,1,1,1,2,2,2,1,2,1,0
s12_s,"# Summary

The argument presents three main claims:

1. **Wealth tiers exist**: There's a meaningful distinction between ""live-your-best-life wealth"" (reasonable rewards for hard work) and ""control-the-world wealth"" (billionaire-level fortunes), with the latter undermining democratic principles.

2. **Billionaires antidemocratic behavior**: Billionaires inevitably use their wealth to gain political influence—through lobbying, corporate consolidation, and technology investments—which contradicts the democratic principle that power should rest equally with all citizens.

3. **Social contract violation**: Regardless of whether billionaires fairly earned their wealth through merit, the mere *existence* of billion-dollar fortunes violates the social contract by allowing individuals to purchase political power—something that shouldn't be commodifiable in a democracy.

**Conclusion**: Setting guardrails to prevent people from becoming billionaires is both ethical and pro-democratic, even within a capitalist framework.

The author acknowledges being pro-capitalist but argues that democratic values must supersede wealth accumulation as a limiting principle.",1,2,2,3,1,1,1,1,1,1,1,2,1,2,1,0
s13_s,"# Summary

The author argues that physician-assisted suicide should be legal and normalized, using their dying father's situation as motivation.

**Their core argument:**
- Their father is terminally ill and suffering severe physical degradation (swelling, inability to eat, loss of independence)
- He explicitly communicated he's ready to die but is forced to continue suffering
- Society permits euthanasia for pets to prevent suffering, yet denies the same mercy to humans
- Prolonging terminal illness causes:
  - Unnecessary suffering for the patient
  - Emotional trauma for family members
  - Significant financial burden

**Implicit questions posed:**
- If we consider it humane to end a pet's suffering, why not extend that compassion to humans?
- Why prioritize extending life over quality of life and patient autonomy?
- Is it ethical to force someone to endure unbearable circumstances against their wishes?

**Tone:** The author explicitly acknowledges this is an emotionally-driven argument made during their father's active dying process, which provides context for the intensity and personal nature of their position.

The argument essentially prioritizes patient dignity, autonomy, and freedom from suffering over the extension of biological life.",1,2,2,3,0,1,1,1,1,2,2,2,0,1,1,0
s14_u,"# Summary

The author argues that American homeschooling requires stricter regulations because:

1. **Current leniency is harmful**: Some states allow minimal homeschooling requirements, resulting in children falling significantly behind academically (citing an example of a 7-8 year old unable to recite the alphabet or count to twenty).

2. **Specific curriculum needed**: Homeschooled children should follow a structured curriculum in core subjects (Math, English, Science) with set completion deadlines and mandatory testing.

3. **Accountability mechanism**: Children who fail most tests should be required to attend public school for at least one year.

4. **Social and developmental needs**: Children need peer interaction and oversight from school systems to ensure proper development and prevent academic decline.

5. **Particular concern about van life education**: The author emphasizes that ""van life"" homeschooling lacks any legitimate academic structure.

The author acknowledges homeschooling has some benefits but believes the current system—which gives parents nearly unlimited discretion—leaves vulnerable children inadequately educated and falling behind.",0,2,2,3,1,2,1,1,1,2,2,2,1,0,1,0
s16_s,"# Summary

The argument makes the following case:

**Main claim:** Kristi Noem's attempt to shut down TSA PreCheck had no legitimate purpose—it was purely punitive/retaliatory against Congress for underfunding DHS.

**Supporting reasoning:**
- The policy would be counterproductive (makes TSA lines worse, not better)
- An expert quoted argues it contradicts efficiency goals
- The White House reversed it within hours, suggesting it was indefensible
- The author finds no rational operational justification for the move

**Underlying assumption:** Given the policy's obvious ineffectiveness, the only explanations are either personal spite/immaturity or incompetence.

**Caveat:** The author acknowledges their own political bias and explicitly asks for reasonable counterarguments they may have missed.

---

## Note on the argument's structure
This is fairly strong reasoning for a *presumption*, but it relies on:
1. The assumption that no rational justification exists (which the author couldn't find, but doesn't prove doesn't exist)
2. Inferring motive from outcome
3. The speed of reversal as evidence of unreasonableness (though quick reversals can happen for various reasons)

The request for counterarguments shows intellectual honesty, but the core argument reaches a fairly definitive conclusion from circumstantial evidence.",1,2,2,3,1,1,2,1,1,2,2,2,1,2,1,0
s17_s,"# Summary

**Main Claim:** Asker culture is superior to guesser culture.

**Key Arguments:**
- Guessers cause themselves unnecessary suffering by self-excluding, denying their needs, and avoiding rejection at all costs
- Guessers unfairly blame askers for being ""rude"" when askers are simply direct
- Askers are more resilient, less easily offended, and experience less stress overall
- Asker behavior only causes problems when interacting with guessers or when the requests are unreasonable
- Both individually and culturally, societies benefit from direct communication over implicit social rules

**Concession:** The author acknowledges this view is based on personal experience and emotions during conflicts, and invites counterarguments that might reveal merit in the guesser perspective.

**Essentially:** The post argues that learning to ask directly (asker behavior) would improve guessers' quality of life and that cultures promoting direct requests are healthier than those relying on implicit rules and fear of rejection.",1,2,2,3,1,1,2,1,1,2,2,2,0,1,1,0
s18_s,"# Summary

The argument has two main parts:

1. **Acknowledgment of wrongdoing**: Alex Pretti's behavior (spitting on and kicking an ICE vehicle) was genuinely wrong and deserved legal consequences.

2. **Core claim**: His prior misconduct is irrelevant to whether his killing was justified. The author argues that:
   - Police can only legally use lethal force to protect lives (their own or others')
   - Past vandalism/disrespect doesn't meet this threshold
   - Bringing up his behavior to justify his death is a rhetorical distraction
   - Additional concerns: he was disarmed, restrained, and killed by unidentified federal agents

The author is essentially distinguishing between two separate issues: whether Pretti's behavior was wrong (yes) and whether it justified lethal force (no), and wants people to stop conflating the two.",1,1,2,3,1,1,2,1,1,1,2,2,1,2,1,0
s19_s,"# Summary

**Main Claim:** The number of nuclear-armed countries will at least double within 20 years, creating unprecedented geopolitical instability.

**Two Core Arguments:**

1. **U.S. Security Withdrawal**: The U.S. is abandoning its post-WWII role as the guarantor of global security in Europe and East Asia. This removes the primary disincentive for technologically advanced countries (like Germany or Japan) to develop nuclear weapons, which would then encourage neighboring nations (Poland, South Korea) to follow suit.

2. **U.S. Unpredictability**: The U.S. has become erratic and threatening—conducting assassinations of foreign leaders and making unilateral territorial threats. This instability makes nuclear weapons appear essential for national security.

**Conclusion:** Given these two trends, rational leaders face strong incentives to acquire nuclear weapons as the only reliable guarantee against U.S. intervention or removal. The author illustrates this with examples: Iran and Venezuela might have avoided regime change with nuclear deterrence; Russia's nuclear arsenal likely protects Putin; Germany, Turkey, and Saudi Arabia would gain strategic autonomy through nuclear capability.

**Underlying Logic:** In an unpredictable world without a stabilizing hegemon, nuclear weapons become the rational choice for any nation with the capability to develop them.",1,1,2,3,1,1,2,1,1,2,2,2,0,0,1,0
s20_u,"# Summary of the Argument

**Main Claim:** Social media is directly responsible for a resurgence in racism, antisemitism, homophobia, and other forms of hate speech and harmful content.

**Key Points:**

1. **Evidence of resurgence:** Hate speech and discriminatory stereotypes have notably increased across platforms like Instagram, TikTok, and YouTube in recent years.

2. **Economic incentive structure:** Content creators actively build audiences and profit from ""edgy"" racist, homophobic, and otherwise offensive content—not as fringe activity but as thriving communities.

3. **Normalization of tragedy:** Social media culture trivializes serious issues (like sexual abuse) through humor and memes, creating content unthinkable in pre-social media eras.

4. **Scale of impact:** Social media has enabled hate movements (KKK, neo-Nazis) to spread propaganda more effectively than these groups could accomplish independently over decades.

5. **Ubiquity across platforms:** The problem isn't confined to one platform but exists wherever user-generated video content is allowed.

**Implicit conclusion:** The architecture and incentive structures of social media platforms have made it easier to spread hateful ideologies and create communities around them than ever before.",0,2,2,3,0,2,2,1,1,2,2,2,1,2,2,0
s20_u,"# Summary of the Argument

**Main Claim:** Social media is directly responsible for a resurgence in racism, antisemitism, homophobia, and other forms of hate speech and harmful content.

**Key Points:**

1. **Evidence of resurgence:** Hate speech and discriminatory stereotypes have notably increased across platforms like Instagram, TikTok, and YouTube in recent years.

2. **Economic incentive structure:** Content creators actively build audiences and profit from ""edgy"" racist, homophobic, and otherwise offensive content—not as fringe activity but as thriving communities.

3. **Normalization of tragedy:** Social media culture trivializes serious issues (like sexual abuse) through humor and memes, creating content unthinkable in pre-social media eras.

4. **Scale of impact:** Social media has enabled hate movements (KKK, neo-Nazis) to spread propaganda more effectively than these groups could accomplish independently over decades.

5. **Ubiquity across platforms:** The problem isn't confined to one platform but exists wherever user-generated video content is allowed.

**Implicit conclusion:** The architecture and incentive structures of social media platforms have made it easier to spread hateful ideologies and create communities around them than ever before.",0,2,2,3,1,1,2,1,1,1,1,2,1,1,2,0
s22_s,"# Summary

The argument makes several claims:

1. **Core claim**: The US government is complicit in protecting high-level pedophiles, having known about conspirators for years without taking action.

2. **Evidence cited**: The Epstein files reveal involvement by high-ranking officials who faced no consequences.

3. **Political obstruction**: Trump's presence in the files creates political incentive to bury the investigation, preventing justice.

4. **Conclusion**: Only public pressure (""groundswell resistance"") will force accountability, since the state won't act.

5. **Broader skepticism**: The author hints at suspecting widespread pedophilia among world leaders and powerful elites (though acknowledges this is speculative).

**Main thrust**: Institutional corruption prevents justice in high-profile cases involving powerful people, regardless of political affiliation.

---

**Note on framing**: This argument conflates different levels of evidence (documented connections vs. conviction records vs. suspected conspiracy) and moves from specific institutional failure claims to broader, unsubstantiated conspiracy theories. A more precise version would distinguish between documented government delays/inaction versus claims of deliberate cover-ups.",1,2,2,3,1,2,2,1,1,2,2,2,1,2,2,0
s23_u,"# Summary

The argument claims free will is logically impossible because any choice faces an inescapable dilemma:

**If choices are determined by our characteristics:**
- Our knowledge, preferences, and personality—the foundations of our decisions—are shaped by external circumstances beyond our control
- We didn't choose these internal traits, so our choices are ultimately determined by factors we didn't select
- Therefore, we're not truly free

**If choices are independent of our characteristics:**
- A choice completely unmoored from our knowledge, preferences, or personality would be either:
  - **Random**: making it irrational and not ""free"" (we'd have no control over randomness)
  - **Consistent**: making it determined by some stable internal pattern (which we didn't choose)

**Conclusion:** Either our choices are determined by factors outside our control, or they're random/determined by factors we didn't create. Either way, free will is impossible.

The core argument is that true free will would require choosing the very characteristics that generate our choices—a logical impossibility—making the concept of free will incoherent.",0,1,2,3,0,1,1,1,1,2,2,2,0,1,1,0
s25_s,"# Summary of the Argument

**Main Claim:** Recent Texas special election results (January 31, 2026) demonstrate that voters nationwide are rejecting ""extreme MAGA-ism.""

**Key Evidence:**
- Democrats won a U.S. House seat (TX-18) and a state Senate seat in traditionally Republican districts
- The swing represented a ~30-point shift from Trump's 2024 performance in that area
- This aligns with a broader pattern of Democratic over-performance in special/off-year elections nationally

**Concessions Made:**
- Special elections have limitations (low turnout, unique local factors)
- Structural factors like gerrymandering still matter
- Results may not perfectly predict general election outcomes

**Conclusion:** The magnitude of the swing in a solidly Trump district, combined with Republican acknowledgment of the results as a ""wake-up call,"" suggests voters are genuinely moving away from MAGA rhetoric and punishing it electorally—not just experiencing isolated local anomalies.

---

**In essence:** The argument uses these special election results as evidence that anti-MAGA sentiment is substantial enough to flip traditionally safe Republican seats, indicating a meaningful shift in voter sentiment rather than random variation.",1,1,2,3,1,2,1,1,1,2,2,2,1,2,1,0
s26_s,"# Summary

The argument criticizes the modern internet as a shallow, meaningless space characterized by:

- **Endless repetition** of derivative content with no original value
- **Manufactured outrage and shock** designed to distract rather than inform
- **Cynical irony and cruelty** masquerading as humor, which prevents genuine emotional connection
- **Disposable entertainment** created and forgotten in seconds
- **Anti-intellectualism** that mocks sincere attempts at meaning-making or self-improvement
- **Deliberate distraction** from real-world problems through mindless consumption

The author sees the internet as a system engineered to keep people distracted, apathetic, and passive rather than thoughtful or engaged citizens.",1,1,2,3,1,2,1,1,1,2,2,2,1,2,1,0
s27_u,"# Summary

The argument contends that **disagreement or non-support for a cause doesn't equal opposition to it**. 

**Main points:**

1. **The problem**: Modern discourse increasingly treats neutrality or disagreement as active hostility (""if you're not with us, you're against us"")

2. **The distinction**: True ""enemies"" of a cause are those who actively work to *prevent others* from supporting it—not those who simply don't participate

3. **The examples**: The author illustrates this with faith and veganism—one can hold a different belief without opposing those with other beliefs, so long as neither side forces their views on the other

4. **The solution**: Society should normalize respectful disagreement rather than demanding universal support and labeling dissenters as bigots or enemies

**Core message**: Polite disagreement is compatible with mutual respect, and we should distinguish between passive non-support and active opposition.",1,1,2,3,0,0,1,1,1,1,1,2,0,0,1,0
s28_s,"# Summary

The author argues that **Disney adults receive disproportionate criticism compared to die-hard NFL fans, despite engaging in similar behavior**.

**The comparison:**
- Both groups spend excessive money on overpriced venues with poor-quality offerings
- Both purchase expensive merchandise
- Both dedicate significant time and emotional investment to the same corporate experiences

**The author's position:**
- While Disney adults do seem odd, NFL fans exhibit equally or more questionable behavior (including getting into fights)
- Yet society mocks Disney adults more harshly than it does hardcore football fans
- This inconsistency suggests the real issue isn't the specific activity, but rather **adults in general devoting disproportionate time and money to corporate entertainment**

**Underlying claim:** The author finds both groups weird, but questions why one receives more social judgment than the other when they're fundamentally doing the same thing.",1,2,2,3,0,0,1,1,1,2,1,2,0,0,1,0
s29_s,"# Summary

The author argues that being disagreed with, corrected, or criticized does not actually prevent you from speaking—it only creates social pressure to do so.

**Key points:**

- **Disagreement ≠ silencing**: When someone points out inaccuracies or disagrees with you, they haven't removed your ability to speak; they've only expressed a different view.

- **You retain choice**: You can always choose to continue speaking despite disagreement. If you choose not to, that's your decision, not something imposed on you.

- **The power is yours alone**: Only physical inability (injury, surgery) or physical force can truly stop you from speaking. Social pressure and criticism don't actually prevent speech—they just make it uncomfortable.

- **The bar analogy**: Someone telling you to shut up doesn't obligate you to be silent; they've just expressed disapproval. You remain free to speak if you choose to.

- **The distinction matters**: People often conflate ""facing criticism/disagreement"" with ""being silenced,"" but these are fundamentally different. The author argues we should recognize this distinction rather than treating social friction as actual suppression of speech.

The core claim: **Your ability to speak is only truly lost through physical means, not through others' words or reactions.**",0,2,2,3,1,2,2,1,1,2,2,2,1,2,2,0
s30_u,"# Summary of the Argument

The author argues that **China will never surpass the US militarily** based on several key points:

1. **Proven US Capability**: The US has demonstrated military superiority through advanced technology, global logistics, and worldwide military bases.

2. **China's Lack of Combat Experience**: China hasn't fought a war in 50 years, giving it no practical battlefield testing of its military systems or leadership abilities.

3. **Unknown Chinese Technology**: Because China's military hardware has never been used in actual combat, its true effectiveness remains unproven.

4. **US Military Superiority in Specific Scenarios**: The author believes the US Air Force could decisively defeat China in a Taiwan invasion scenario.

5. **Geopolitical Inaction as Evidence**: The author points to instances where China failed to intervene when US interests affected Chinese allies (the Maduro situation, Iran bombing), arguing a true global military power would respond. The US, by contrast, actively supports allies worldwide regardless of opposition.

6. **Conclusion**: China's passivity in defending its interests demonstrates it lacks the military capacity and willingness of the US, proving it cannot replace American military dominance.

The author is asking for counterarguments specifically about military capability, explicitly excluding economic factors.",0,1,2,3,1,2,2,1,1,1,1,2,1,2,2,0
s31_s,"# Summary

The argument claims that far-right criticisms of migrants are ironically more applicable to billionaires and ultra-wealthy elites. The author presents 10 parallel comparisons showing that accusations commonly leveled against migrants (welfare dependency, criminality, tax evasion, cultural threat, insularity, immorality, and political influence) are actually embodied more significantly by the ultrawealthy.

**Key thesis:** The behaviors and vices that right-wing narratives project onto migrants are structurally embodied more thoroughly by economic elites—who additionally have the media influence and political power to shape these narratives in the first place.

**Main examples:**
- Migrants are net contributors; billionaires exploit subsidies and tax breaks
- Migrants commit less crime than natives; elites commit larger-scale financial and sexual crimes
- Migrants integrate when allowed; elites form insular networks and parallel societies
- Migrants fill labor gaps; elites reduce jobs through automation and union-busting

The author emphasizes this is about structural patterns rather than individual cases, and argues that regardless of whether anti-immigrant rhetoric originates solely from the right, that's currently its primary source.",1,2,2,3,1,2,2,1,1,2,2,2,1,2,2,0
s32_u,"# Summary

The argument contends that NFL and NBA championship trophies should be presented to players first (like the NHL's Stanley Cup), rather than to executives. The reasoning:

**Main points:**
- Players, not executives, actually win the games
- Fans want to see players celebrated, not unknown or unpopular billionaire executives
- Executives can still have their moment with the trophy later, during players' media obligations

**Concession:** The author acknowledges executives play a role in building successful teams, but argues this doesn't override the fact that players are responsible for on-field performance and deserve primary recognition.",0,1,2,3,1,2,2,1,1,1,1,2,1,2,1,0
s33_s,"# Summary

The argument claims the Hamburglar is an ineffective criminal because:

1. **His target is impractical**: He steals hamburgers, which spoil quickly
2. **His business model fails**: No one would buy old/moldy burgers, so he can't resell them
3. **He operates at a loss**: His expenses (costume, equipment, etc.) exceed any revenue from selling perishable goods
4. **Conclusion**: He's a poor thief pursuing an economically nonsensical crime

The core point is that stealing perishable food is a fundamentally flawed criminal strategy.",1,1,1,3,1,2,2,1,1,2,2,2,1,2,1,0
s34_u,"# Summary

**Main Claim:** Most people overestimate their ability to reason logically and stay emotionally composed when faced with intense criticism or high-stakes disagreement.

**Key Supporting Points:**
- People believe they argue rationally, but their actual behavior shows deterioration under pressure
- Under intensified pushback, people tend to loosen definitions, abandon positions, and change tone
- This isn't intentional dishonesty—it's a natural human limitation

**Conditions for Changing the View:**
- Evidence that most people actually *do* maintain logical consistency and emotional neutrality under intense pressure

**Openness to Dialogue:**
- Invites counterarguments, particularly from people who believe they personally maintain composure during hard challenges
- Offers to conduct experimental ""pushback sessions"" to test the hypothesis empirically

**In essence:** The argument is that people systematically misjudge their own intellectual stability, and the gap between self-perception and actual performance under pressure is larger than most realize.",1,2,2,3,0,1,1,1,1,2,2,2,0,1,1,0
s36_s,"# Summary

The argument challenges the incel/redpill claim that dating and marriage were easier for men historically. The author contends:

**Their main points:**
- Past conditions were actually *harder*, not easier, for men because they had to gain approval from women's fathers and navigate stricter social norms against premarital sex
- Arranged marriages were limited mostly to upper classes; commoners typically married for love/choice as today
- Modern men have *more* options than ever (can pursue relationships or pay for sex without marriage pressure)
- Dating/sex rates are lower today for other reasons (decreased socialization), not because standards became impossibly high

**Core claim:** The premise that men had it better historically is false; dating is objectively easier now, so incel complaints misdiagnose the actual problem.",1,1,2,3,0,1,2,1,1,1,1,2,0,1,2,0
s38_s,"# Summary of the Argument

The author argues that acknowledging ""stolen land"" in the US is pointless and historically naive for several reasons:

1. **Universal history of conquest**: All land throughout human history has been taken through conquest at some point, making the acknowledgment unremarkable.

2. **Native Americans also conquered**: Indigenous tribes in New England (Abenaki, Pennacook, Piscataque) themselves warred and conquered each other's territory for thousands of years before American colonization.

3. **Infinite regress problem**: Land acknowledgements only recognize the most recent displaced group but ignore previous inhabitants. Where does accountability end? Should we trace back to the first humans?

4. **Normalcy of empire**: Conquest and expansion are inherent to civilization. The US didn't uniquely ""steal"" land—empires throughout history have done this.

5. **Practical impossibility**: The author questions what the goal of these acknowledgements actually is, since returning land (seceding territory back to Mexico or Native Americans) is unrealistic and impractical.

**Core claim**: These acknowledgements ignore historical complexity and are performative without meaningful purpose or solution.",1,2,2,3,0,1,1,1,1,1,1,2,0,1,1,0
s39_s,"# Summary

The argument claims that retirement ages of 70 are unsustainable because:

1. **Impossible career prediction**: Choosing a career at 17 and maintaining it for 53 years is unrealistic given how rapidly technology transforms job markets (the author notes that 1971-2024 saw the creation of computers, the internet, and AI—fundamental shifts).

2. **Career switching is harder now**: Unlike the past, modern careers require specialized degrees (master's degrees are now standard), making it nearly impossible to transition to comparable-paying jobs in your 40s-50s even with discipline.

3. **Recent precedent**: Even ""safe"" career choices like computer science were considered secure only 10 years ago, yet the field has undergone dramatic changes.

4. **The dilemma**: While the poster acknowledges the current retirement system is economically unsustainable, pushing retirement to 70 places an illogical burden on workers to accurately predict and maintain specialized careers across unprecedented technological change.

**Core claim**: The solution of raising retirement age doesn't address the fundamental problem that the premise (stable 53-year careers) is no longer realistic in modern economies.",1,2,2,3,0,2,2,1,1,2,1,2,0,2,2,0
s40_s,"# Summary

The author argues that **all people have intrinsic worth and value**, and asks for counterarguments to challenge this view.

**Main supporting points:**

1. **Productive contribution**: Most people produce something throughout their lives—whether paid work, children, art, or other tangible transformations of the world—giving them economic/creative value.

2. **Unique perspective**: Even non-productive people contribute their unique experiences and existence, affecting those around them simply by being present.

3. **Moral intent**: Most people aim to do good despite disagreements on how; truly malicious people are rare exceptions, so positive impact generally outweighs negative.

4. **Relational meaning**: People create deep meaning in others' lives (parent-child relationships, for example), and this meaningful impact cannot be dismissed as valueless.

**The core claim**: The author rejects the notion that some people are ""worthless"" or contribute ""nothing,"" finding this position difficult to understand given these reasons for universal human value.

**Request**: The author explicitly seeks counterarguments to test and potentially refine their position.",0,2,2,3,0,0,1,1,1,1,1,2,0,0,1,0
s41_s,"# Summary

The argument claims that Alex Warren's commercial success demonstrates that the modern music industry rewards mediocrity rather than genuine talent.

**Key points:**
- Warren's music is described as bland and deliberately generic (""musical equivalent of McDonald's salad"")
- His lyrics are criticized as forced and artificially overwrought
- The author questions his talent overall
- His rise through social media (YouTube/TikTok) makes his success seem particularly inexplicable to the author

**Note:** The author acknowledges this is subjective, but nonetheless uses Warren as evidence that the industry prioritizes marketability or other factors over artistic quality.",1,1,2,3,1,0,1,1,1,2,1,2,1,0,1,0
s44_s,"# Summary

The argument claims that able-bodied people could easily survive a blood-borne zombie outbreak due to four key advantages:

1. **Intelligence superiority**: Zombies lack problem-solving skills and can only pursue mindlessly, making physical barriers (doors, walls, multi-story buildings) highly effective. Humans could additionally use distraction tactics.

2. **Zombie physical vulnerability**: Zombies deteriorate from physical damage and are susceptible to environmental factors (freezing, insects). Humans in defensive positions can inflict damage through projectiles or weapons, and military/police response would accelerate zombie population decline.

3. **Protective equipment**: Basic protective gear (thick clothing, leather, duct-taped armor covering exposed areas) would prevent transmission since infection requires blood-to-blood or blood-to-saliva contact.

4. **Human resource management**: Humanity could control the zombie threat before facing survival resource shortages, relying on existing food/water/medicine supplies and government redistribution until the outbreak was contained.

The core claim is that human cognitive and organizational advantages, combined with zombie limitations and vulnerability, would make the apocalypse manageable for the able-bodied population.",1,2,2,3,1,1,2,1,1,2,2,2,1,1,2,0
s45_u,"# Summary

The argument claims AI training on copyrighted material is **ethically equivalent to human learning**, with these key points:

**Main Claim:** If AI companies obtain content legally, using it to train models and generate new content is no different morally than humans reading books to inform their own creative writing.

**Core Reasoning:**
- Humans learn by consuming existing works (reading horror novels, studying Stephen King's style) and synthesizing that into new content—this is accepted and standard
- AI models do the identical process: absorb patterns from training data and generate original content
- The only difference is **scale and speed**, which shouldn't change the ethics

**Distinction Made:** The argument separates copyright *infringement* (the crime of obtaining content) from the *use* of legally obtained content for training—only the former is wrong.

**Implied Conclusion:** Opposition to AI training is inconsistent, likely driven by anxiety about AI replacing humans rather than genuine ethical principles.

**Note:** The author acknowledges they oppose piracy but argues that's a separate legal issue from whether training itself is unethical.",0,2,2,3,1,2,2,1,1,2,2,2,1,2,2,0
s46_u,"# Summary

The argument claims that AI will effectively destroy social media because:

**The Core Problem:** As AI becomes better at mimicking humans, users won't be able to trust whether they're talking to real people, making social media interactions pointless.

**Evidence of decline:**
- Moderators requiring users to prove they're human
- Widespread skepticism about whether content is AI-generated

**The verification paradox:** There's no practical solution to prove you're human online without serious privacy violations or creating methods that AI can easily fake anyway.

**Self-destructive irony:** Major platforms like Twitter/X and Facebook depend on ad revenue but are investing heavily in AI while already suffering from bot problems and advertiser exodus. Eventually, platforms will become mostly bots interacting with bots.

**The end result:** This resource-intensive waste (with environmental costs) will eventually prompt authorities to shut down social media entirely.

**Silver lining:** The author sees a potential upside—people might return to valuing face-to-face interaction.

In essence: AI will make social media untrustworthy → users will abandon it → platforms become bot-filled wastelands → they'll be shut down.",0,2,2,3,1,1,2,1,1,2,2,2,1,1,2,0
s47_u,"# Summary

The argument contends that cosmetic surgery (excluding medically necessary procedures) shouldn't be as socially accepted because:

1. **It fuels a harmful culture** centered on vanity and physical optimization that damages mental health, particularly among adolescents

2. **It often produces poor results** — the author claims most cosmetic surgery makes people look worse

3. **It perpetuates a cycle** — widespread acceptance of cosmetic surgery reinforces insecurity and judgment in society, when greater self-acceptance could break this cycle instead

4. **It can become extreme** — some pursue dangerous procedures in pursuit of attractiveness

The underlying premise is that normalizing cosmetic surgery drives unrealistic beauty standards and insecurity rather than solving them.",0,1,2,3,1,1,2,1,1,2,2,2,1,1,1,0
,,,,,,,,,,,,,,,,,
,,,,,,,,,,,,,,,,,
,,,,,,,,,,,,,,,,,
,,,,,,,,,,,,,,,,,
,,,,,,,,,,,,,,,,,
,,,,,,,,,,,,,,,,,
,,,,,,,,,,,,,,,,,
,,,,,,,,,,,,,,,,,
,,,,,,,,,,,,,,,,,
,,,,,,,,,,,,,,,,,
,,,,,,,,,,,,,,,,,
,,,,,,,,,,,,,,,,,
,,,,,,,,,,,,,,,,,
,,,,,,,,,,,,,,,,,
,,,,,,,,,,,,,,,,,
,,,,,,,,,,,,,,,,,
,,,,,,,,,,,,,,,,,
,,,,,,,,,,,,,,,,,
,,,,,,,,,,,,,,,,,
,,,,,,,,,,,,,,,,,
,,,,,,,,,,,,,,,,,
,,,,,,,,,,,,,,,,,
,,,,,,,,,,,,,,,,,
,,,,,,,,,,,,,,,,,
,,,,,,,,,,,,,,,,,
,,,,,,,,,,,,,,,,,
,,,,,,,,,,,,,,,,,
,,,,,,,,,,,,,,,,,
,,,,,,,,,,,,,,,,,
,,,,,,,,,,,,,,,,,
,,,,,,,,,,,,,,,,,
,,,,,,,,,,,,,,,,,
,,,,,,,,,,,,,,,,,
,,,,,,,,,,,,,,,,,
,,,,,,,,,,,,,,,,,
,,,,,,,,,,,,,,,,,
,,,,,,,,,,,,,,,,,
,,,,,,,,,,,,,,,,,
,,,,,,,,,,,,,,,,,