arg_id,summary,sentiment,accuracy,succinctness,reviewer_id
s0_s,"# Summary

The argument has two main components:

1. **The paparazzi problem**: Tabloid culture normalizes invasive surveillance of celebrities, where paparazzi disregard privacy rights to capture photos that feed public curiosity.

2. **The parasocial relationship problem**: Beyond the stalking issue, being genuinely invested in celebrities' real-world romantic lives is inherently parasocial and strange. While enjoying fictional relationships in films is acceptable, caring about actors' actual personal relationships blurs art with reality in an unhealthy way.

**The core claim**: The poster finds it self-evidently weird that people discuss celebrity relationships with the same enthusiasm they'd use for friends' relationships, and is puzzled by how people justify this behavior.",1,1,2,3
s1_s,"# Summary

The arguer claims that **religious opposition to homosexuality is inherently homophobic**, regardless of intent or civility.

**Key points:**
- ""Not supporting"" homosexuality means disapproving of or opposing it
- This disapproval—whether based on religion or other reasons—constitutes homophobia by definition
- The arguer acknowledges religious belief doesn't make someone a ""horrible person,"" but insists the label ""homophobic"" still applies
- They define homophobia as ""dislike of or prejudice against homosexuality"" (not just fear)
- They reject semantic arguments that homophobia requires explicit fear or hostility

**Core claim:** Even if someone is respectful and motivated by sincere religious conviction, opposing same-sex relationships is still homophobic because opposition itself expresses prejudice.",1,2,2,3
s2_u,"# Summary

The author argues that WW3 talk is overblown and reflects poor historical understanding. Their key points:

1. **Current conflicts are contained**: Iran and Ukraine are proxy wars—similar to Cold War dynamics—where superpowers deliberately avoid direct confrontation due to established international norms and fear of consequences.

2. **Nuclear weapons prevent escalation**: MAD (Mutually Assured Destruction) makes nuclear war implausible, effectively removing the worst-case scenario from realistic consideration.

3. **Military readiness isn't preparation for imminent war**: While nations are modestly increasing military capacity, it's insufficient for a traditional world war and reflects defensive posturing rather than war preparation.

4. **Social media focuses on the wrong threat**: Any realistic large-scale conflict would likely occur through cyber or economic means, but this doesn't match the dramatic narrative people actually discuss online.

**Bottom line**: The WW3 discourse is sensationalism driven by uninformed audiences, while the actual geopolitical situation remains relatively stable due to deterrents and mutual reluctance to escalate.",0,2,2,3
s4_u,"# Summary

The arguer, while supporting legal abortion, contends that the ""my body, my choice"" framing has been **strategically and morally counterproductive**. Instead, abortion should be framed as a **healthcare and public health issue**.

## Main Arguments:

1. **Policy ≠ Personal Preference**: Public policy should maximize population-level outcomes (mortality, morbidity), not individual autonomy claims.

2. **Framing Determines Debate**: Rights-based framing creates unwinnable philosophical standoffs (""bodily autonomy"" vs ""fetus's moral status""), while healthcare framing stays evidence-based.

3. **Outcomes Trump Metaphysics**: Regardless of fetal moral status, bans increase maternal death and unsafe procedures without reducing abortion rates—so access saves lives.

4. **Rhetorical Harm**: ""My body, my choice"" subtly blames women for their circumstances rather than addressing poverty, coercion, and structural failures; it implies abortion is an empowering *choice* when it's often forced necessity.

5. **Political Backfire**: Confrontational rights-based messaging hardens opposition, fuels backlash, and makes compromise impossible; healthcare framing could appeal to moderates and conservatives.

6. **Vulnerable Populations Suffer**: Activist signaling increases stigma and shame for poor,",0,2,2,3
s5_s,"# Summary

The author argues that parents who are **aware of their chronic mental health condition and capable of treating it have an obligation to pursue treatment** before or while raising children.

## Key Points:

**Caveats:**
- This applies only to those rational enough to recognize their condition and treatment options
- It doesn't mean people with mental illness shouldn't have children or deserve punishment
- Many untreated conditions pose no serious danger

**Main Argument:**
Children learn by observing parental behaviors and modeling them. When a parent exhibits untreated mental health symptoms (e.g., compulsive rituals), children may:
1. Adopt the same behaviors to cope with parental emotional reactions
2. Internalize unhealthy thought patterns that become difficult to overcome later

**Evidence:**
Research shows children in close proximity to untreated parental mental illness often exhibit similar behaviors—not from having the condition themselves, but from learned coping strategies.

**Conclusion:**
Since parenthood shifts responsibility from self to children, those capable of treating their conditions should do so *and* communicate transparently about their mental health to avoid passing on unhealthy patterns.

The core claim: **Rational, capable parents have a moral responsibility to treat their chronic mental health conditions for their children's wellbeing.**",1,2,2,3
s7_s,"# Summary

The argument makes three main points:

**1. The ""electability"" argument is flawed**
- Right-wing media will paint any Democrat as a socialist regardless of their actual positions (citing Biden as proof)
- So there's no strategic advantage to nominating a centrist; they'll be attacked the same way anyway

**2. Progressive policies are popular and necessary**
- Americans support progressive ideas (healthcare, wages) when asked directly
- Only a genuine progressive will actually fight for these policies
- Obama's centrism resulted in watered-down compromises (ACA instead of universal healthcare)

**3. Nominating another centrist is strategically worse**
- A centrist will be *painted* as a socialist for 4 years (like a progressive would be)
- But without actual progressive accomplishments, Democratic voters will be demoralized
- This sets up Republican dominance in 2032
- Historical example: Bill Clinton's ""fight for the center"" strategy no longer works when the country is in crisis and demanding change
- Evidence: Harris lost because Democratic turnout was low; progressives generate enthusiasm

**Core thesis:** Since Democrats will be attacked as radicals regardless, they should actually *be* progressive and deliver results to motivate voters and address the country's problems.",1,2,2,3
s8_s,"# Summary

The argument claims that recent US-Israel military strikes against Iran (beginning February 28) serve as a deliberate distraction from a DOJ scandal. Specifically:

**The alleged scandal:** The DOJ released 3 million Epstein files but, according to NPR reporting, has been selectively removing mentions of Trump from the documents.

**The theory:** The timing of military escalation conveniently coincides with when this story should have received major coverage, and mainstream media has since stopped reporting on the Epstein files.

**The conclusion:** This is either a coincidental timing or an intentional use of foreign conflict to bury domestic political embarrassment.

---

## Worth noting:
- The argument relies on correlation (timing) rather than demonstrated causation
- It assumes coordinated media silence rather than considering whether the story naturally lost news cycle prominence
- No evidence is presented that military decisions were made *because of* the DOJ issue rather than for independent geopolitical reasons
- The claim about DOJ ""scrubbing"" would itself be a significant story if substantiated, so total media silence seems unlikely",1,2,2,3
s9_u,"# Summary

The author argues that cat owners who allow their cats to roam freely are acting immorally due to the significant environmental damage caused by outdoor cats.

**Main points:**

- **The problem**: Outdoor domestic cats kill billions of birds and small mammals annually and are an invasive species that damages ecosystems, particularly on islands where they've caused extinctions
- **The solution**: Cats should be kept indoors, in secure outdoor areas, or managed through spaying/neutering and population control
- **The exception**: Working cats on farms may be necessary when alternatives (like pesticides) would cause greater environmental harm
- **The hypocrisy**: Many self-identified environmentalists and bird-watchers own outdoor cats despite knowing the ecological damage

**Revisions made during discussion:**

The author moderated their initial stance, acknowledging that:
- Indoor cats should be spayed/neutered
- Some working cats serve a practical purpose
- Feral cat population management is complex and context-dependent
- Having an indoor cat isn't a ""moral failing,"" but allowing unneutered cats to roam freely is

The author grew frustrated with counterarguments that ""humans cause more damage,"" viewing these as deflections rather than genuine engagement with the specific issue of cat predation.",0,2,2,3
s10_u,"# Summary

The OP argues that the ""cow punishment"" (a historical post-WWII punishment allegedly used by Eastern Europeans on captured Nazis) was not actually an effective or harsh punishment, despite others praising it as poetic justice.

**The punishment details:** Nazi soldiers would stand with their face 3cm from a cow's rear end for 12 hours daily, hands/legs restrained, for approximately 20 days. Between sessions they'd be locked in a stall.

**OP's argument:** While admittedly gross, the punishment wouldn't be that bad because:
- You'd get used to the smell
- Cow manure isn't actually that unpleasant (farm experience)
- Most of the time would just be standing around bored
- A war criminal would likely find 20 days of this preferable to more severe punishments

**The core claim:** The OP believes he's missing something about why others consider this punishment so devastating, but based on his understanding, it seems more like an uncomfortable inconvenience than a genuinely effective or feared punishment for serious war crimes.

He's asking whether the punishment would actually be worse than he's estimating, or if others were overstating its harshness for emotional/poetic reasons.",0,2,2,3
s11_u,"# Summary

The argument claims that the US deliberately constrains European power through:

**Strategic containment mechanisms:**
- NATO dominance limiting European military independence
- Infrastructure sabotage (pipelines)
- Economic warfare (sanctions, dollar hegemony)
- Destabilization via wars and refugee crises

**Ideological control:**
- Monopolizing narratives around democracy and freedom
- Using historical guilt (especially against Germany) to prevent European assertion

**Geopolitical reasoning:**
- Europe's superior resources, technology, and geography make it the actual greatest threat to US hegemony
- Invoking Mackinder's theory: a dominant Eurasian power (particularly from the European plains) could control the world's resources and eventually challenge American dominance
- Germany/Russia could theoretically achieve this domination

**Core conclusion:** 
Europe and the US are not genuine allies but strategic enemies. The US views a unified, powerful Europe as an existential threat and actively works to prevent it, making European containment a primary—though often hidden—goal of American foreign policy.

The author acknowledges this is a realist International Relations perspective they could substantiate with evidence but claims limited motivation to do so on Reddit.",0,2,2,3
s12_s,"# Summary

The argument presents three main claims:

1. **Wealth tiers exist**: There's a meaningful distinction between ""live-your-best-life wealth"" (reasonable rewards for hard work) and ""control-the-world wealth"" (billionaire-level fortunes), with the latter undermining democratic principles.

2. **Billionaires antidemocratic behavior**: Billionaires inevitably use their wealth to gain political influence—through lobbying, corporate consolidation, and technology investments—which contradicts the democratic principle that power should rest equally with all citizens.

3. **Social contract violation**: Regardless of whether billionaires fairly earned their wealth through merit, the mere *existence* of billion-dollar fortunes violates the social contract by allowing individuals to purchase political power—something that shouldn't be commodifiable in a democracy.

**Conclusion**: Setting guardrails to prevent people from becoming billionaires is both ethical and pro-democratic, even within a capitalist framework.

The author acknowledges being pro-capitalist but argues that democratic values must supersede wealth accumulation as a limiting principle.",1,2,2,3
s13_s,"# Summary

The author argues that physician-assisted suicide should be legal and normalized, using their dying father's situation as motivation.

**Their core argument:**
- Their father is terminally ill and suffering severe physical degradation (swelling, inability to eat, loss of independence)
- He explicitly communicated he's ready to die but is forced to continue suffering
- Society permits euthanasia for pets to prevent suffering, yet denies the same mercy to humans
- Prolonging terminal illness causes:
  - Unnecessary suffering for the patient
  - Emotional trauma for family members
  - Significant financial burden

**Implicit questions posed:**
- If we consider it humane to end a pet's suffering, why not extend that compassion to humans?
- Why prioritize extending life over quality of life and patient autonomy?
- Is it ethical to force someone to endure unbearable circumstances against their wishes?

**Tone:** The author explicitly acknowledges this is an emotionally-driven argument made during their father's active dying process, which provides context for the intensity and personal nature of their position.

The argument essentially prioritizes patient dignity, autonomy, and freedom from suffering over the extension of biological life.",1,2,2,3
s14_u,"# Summary

The author argues that American homeschooling requires stricter regulations because:

1. **Current leniency is harmful**: Some states allow minimal homeschooling requirements, resulting in children falling significantly behind academically (citing an example of a 7-8 year old unable to recite the alphabet or count to twenty).

2. **Specific curriculum needed**: Homeschooled children should follow a structured curriculum in core subjects (Math, English, Science) with set completion deadlines and mandatory testing.

3. **Accountability mechanism**: Children who fail most tests should be required to attend public school for at least one year.

4. **Social and developmental needs**: Children need peer interaction and oversight from school systems to ensure proper development and prevent academic decline.

5. **Particular concern about van life education**: The author emphasizes that ""van life"" homeschooling lacks any legitimate academic structure.

The author acknowledges homeschooling has some benefits but believes the current system—which gives parents nearly unlimited discretion—leaves vulnerable children inadequately educated and falling behind.",0,2,2,3
s16_s,"# Summary

The argument makes the following case:

**Main claim:** Kristi Noem's attempt to shut down TSA PreCheck had no legitimate purpose—it was purely punitive/retaliatory against Congress for underfunding DHS.

**Supporting reasoning:**
- The policy would be counterproductive (makes TSA lines worse, not better)
- An expert quoted argues it contradicts efficiency goals
- The White House reversed it within hours, suggesting it was indefensible
- The author finds no rational operational justification for the move

**Underlying assumption:** Given the policy's obvious ineffectiveness, the only explanations are either personal spite/immaturity or incompetence.

**Caveat:** The author acknowledges their own political bias and explicitly asks for reasonable counterarguments they may have missed.

---

## Note on the argument's structure
This is fairly strong reasoning for a *presumption*, but it relies on:
1. The assumption that no rational justification exists (which the author couldn't find, but doesn't prove doesn't exist)
2. Inferring motive from outcome
3. The speed of reversal as evidence of unreasonableness (though quick reversals can happen for various reasons)

The request for counterarguments shows intellectual honesty, but the core argument reaches a fairly definitive conclusion from circumstantial evidence.",1,2,2,3
s17_s,"# Summary

**Main Claim:** Asker culture is superior to guesser culture.

**Key Arguments:**
- Guessers cause themselves unnecessary suffering by self-excluding, denying their needs, and avoiding rejection at all costs
- Guessers unfairly blame askers for being ""rude"" when askers are simply direct
- Askers are more resilient, less easily offended, and experience less stress overall
- Asker behavior only causes problems when interacting with guessers or when the requests are unreasonable
- Both individually and culturally, societies benefit from direct communication over implicit social rules

**Concession:** The author acknowledges this view is based on personal experience and emotions during conflicts, and invites counterarguments that might reveal merit in the guesser perspective.

**Essentially:** The post argues that learning to ask directly (asker behavior) would improve guessers' quality of life and that cultures promoting direct requests are healthier than those relying on implicit rules and fear of rejection.",1,2,2,3
s18_s,"# Summary

The argument has two main parts:

1. **Acknowledgment of wrongdoing**: Alex Pretti's behavior (spitting on and kicking an ICE vehicle) was genuinely wrong and deserved legal consequences.

2. **Core claim**: His prior misconduct is irrelevant to whether his killing was justified. The author argues that:
   - Police can only legally use lethal force to protect lives (their own or others')
   - Past vandalism/disrespect doesn't meet this threshold
   - Bringing up his behavior to justify his death is a rhetorical distraction
   - Additional concerns: he was disarmed, restrained, and killed by unidentified federal agents

The author is essentially distinguishing between two separate issues: whether Pretti's behavior was wrong (yes) and whether it justified lethal force (no), and wants people to stop conflating the two.",1,1,2,3
s19_s,"# Summary

**Main Claim:** The number of nuclear-armed countries will at least double within 20 years, creating unprecedented geopolitical instability.

**Two Core Arguments:**

1. **U.S. Security Withdrawal**: The U.S. is abandoning its post-WWII role as the guarantor of global security in Europe and East Asia. This removes the primary disincentive for technologically advanced countries (like Germany or Japan) to develop nuclear weapons, which would then encourage neighboring nations (Poland, South Korea) to follow suit.

2. **U.S. Unpredictability**: The U.S. has become erratic and threatening—conducting assassinations of foreign leaders and making unilateral territorial threats. This instability makes nuclear weapons appear essential for national security.

**Conclusion:** Given these two trends, rational leaders face strong incentives to acquire nuclear weapons as the only reliable guarantee against U.S. intervention or removal. The author illustrates this with examples: Iran and Venezuela might have avoided regime change with nuclear deterrence; Russia's nuclear arsenal likely protects Putin; Germany, Turkey, and Saudi Arabia would gain strategic autonomy through nuclear capability.

**Underlying Logic:** In an unpredictable world without a stabilizing hegemon, nuclear weapons become the rational choice for any nation with the capability to develop them.",1,1,2,3
s20_u,"# Summary of the Argument

**Main Claim:** Social media is directly responsible for a resurgence in racism, antisemitism, homophobia, and other forms of hate speech and harmful content.

**Key Points:**

1. **Evidence of resurgence:** Hate speech and discriminatory stereotypes have notably increased across platforms like Instagram, TikTok, and YouTube in recent years.

2. **Economic incentive structure:** Content creators actively build audiences and profit from ""edgy"" racist, homophobic, and otherwise offensive content—not as fringe activity but as thriving communities.

3. **Normalization of tragedy:** Social media culture trivializes serious issues (like sexual abuse) through humor and memes, creating content unthinkable in pre-social media eras.

4. **Scale of impact:** Social media has enabled hate movements (KKK, neo-Nazis) to spread propaganda more effectively than these groups could accomplish independently over decades.

5. **Ubiquity across platforms:** The problem isn't confined to one platform but exists wherever user-generated video content is allowed.

**Implicit conclusion:** The architecture and incentive structures of social media platforms have made it easier to spread hateful ideologies and create communities around them than ever before.",0,2,2,3
s22_s,"# Summary

The argument makes several claims:

1. **Core claim**: The US government is complicit in protecting high-level pedophiles, having known about conspirators for years without taking action.

2. **Evidence cited**: The Epstein files reveal involvement by high-ranking officials who faced no consequences.

3. **Political obstruction**: Trump's presence in the files creates political incentive to bury the investigation, preventing justice.

4. **Conclusion**: Only public pressure (""groundswell resistance"") will force accountability, since the state won't act.

5. **Broader skepticism**: The author hints at suspecting widespread pedophilia among world leaders and powerful elites (though acknowledges this is speculative).

**Main thrust**: Institutional corruption prevents justice in high-profile cases involving powerful people, regardless of political affiliation.

---

**Note on framing**: This argument conflates different levels of evidence (documented connections vs. conviction records vs. suspected conspiracy) and moves from specific institutional failure claims to broader, unsubstantiated conspiracy theories. A more precise version would distinguish between documented government delays/inaction versus claims of deliberate cover-ups.",1,2,2,3
s23_u,"# Summary

The argument claims free will is logically impossible because any choice faces an inescapable dilemma:

**If choices are determined by our characteristics:**
- Our knowledge, preferences, and personality—the foundations of our decisions—are shaped by external circumstances beyond our control
- We didn't choose these internal traits, so our choices are ultimately determined by factors we didn't select
- Therefore, we're not truly free

**If choices are independent of our characteristics:**
- A choice completely unmoored from our knowledge, preferences, or personality would be either:
  - **Random**: making it irrational and not ""free"" (we'd have no control over randomness)
  - **Consistent**: making it determined by some stable internal pattern (which we didn't choose)

**Conclusion:** Either our choices are determined by factors outside our control, or they're random/determined by factors we didn't create. Either way, free will is impossible.

The core argument is that true free will would require choosing the very characteristics that generate our choices—a logical impossibility—making the concept of free will incoherent.",0,1,2,3
s25_s,"# Summary of the Argument

**Main Claim:** Recent Texas special election results (January 31, 2026) demonstrate that voters nationwide are rejecting ""extreme MAGA-ism.""

**Key Evidence:**
- Democrats won a U.S. House seat (TX-18) and a state Senate seat in traditionally Republican districts
- The swing represented a ~30-point shift from Trump's 2024 performance in that area
- This aligns with a broader pattern of Democratic over-performance in special/off-year elections nationally

**Concessions Made:**
- Special elections have limitations (low turnout, unique local factors)
- Structural factors like gerrymandering still matter
- Results may not perfectly predict general election outcomes

**Conclusion:** The magnitude of the swing in a solidly Trump district, combined with Republican acknowledgment of the results as a ""wake-up call,"" suggests voters are genuinely moving away from MAGA rhetoric and punishing it electorally—not just experiencing isolated local anomalies.

---

**In essence:** The argument uses these special election results as evidence that anti-MAGA sentiment is substantial enough to flip traditionally safe Republican seats, indicating a meaningful shift in voter sentiment rather than random variation.",1,1,2,3
s26_s,"# Summary

The argument criticizes the modern internet as a shallow, meaningless space characterized by:

- **Endless repetition** of derivative content with no original value
- **Manufactured outrage and shock** designed to distract rather than inform
- **Cynical irony and cruelty** masquerading as humor, which prevents genuine emotional connection
- **Disposable entertainment** created and forgotten in seconds
- **Anti-intellectualism** that mocks sincere attempts at meaning-making or self-improvement
- **Deliberate distraction** from real-world problems through mindless consumption

The author sees the internet as a system engineered to keep people distracted, apathetic, and passive rather than thoughtful or engaged citizens.",1,1,2,3
s27_u,"# Summary

The argument contends that **disagreement or non-support for a cause doesn't equal opposition to it**. 

**Main points:**

1. **The problem**: Modern discourse increasingly treats neutrality or disagreement as active hostility (""if you're not with us, you're against us"")

2. **The distinction**: True ""enemies"" of a cause are those who actively work to *prevent others* from supporting it—not those who simply don't participate

3. **The examples**: The author illustrates this with faith and veganism—one can hold a different belief without opposing those with other beliefs, so long as neither side forces their views on the other

4. **The solution**: Society should normalize respectful disagreement rather than demanding universal support and labeling dissenters as bigots or enemies

**Core message**: Polite disagreement is compatible with mutual respect, and we should distinguish between passive non-support and active opposition.",1,1,2,3
s28_s,"# Summary

The author argues that **Disney adults receive disproportionate criticism compared to die-hard NFL fans, despite engaging in similar behavior**.

**The comparison:**
- Both groups spend excessive money on overpriced venues with poor-quality offerings
- Both purchase expensive merchandise
- Both dedicate significant time and emotional investment to the same corporate experiences

**The author's position:**
- While Disney adults do seem odd, NFL fans exhibit equally or more questionable behavior (including getting into fights)
- Yet society mocks Disney adults more harshly than it does hardcore football fans
- This inconsistency suggests the real issue isn't the specific activity, but rather **adults in general devoting disproportionate time and money to corporate entertainment**

**Underlying claim:** The author finds both groups weird, but questions why one receives more social judgment than the other when they're fundamentally doing the same thing.",1,2,2,3
s29_s,"# Summary

The author argues that being disagreed with, corrected, or criticized does not actually prevent you from speaking—it only creates social pressure to do so.

**Key points:**

- **Disagreement ≠ silencing**: When someone points out inaccuracies or disagrees with you, they haven't removed your ability to speak; they've only expressed a different view.

- **You retain choice**: You can always choose to continue speaking despite disagreement. If you choose not to, that's your decision, not something imposed on you.

- **The power is yours alone**: Only physical inability (injury, surgery) or physical force can truly stop you from speaking. Social pressure and criticism don't actually prevent speech—they just make it uncomfortable.

- **The bar analogy**: Someone telling you to shut up doesn't obligate you to be silent; they've just expressed disapproval. You remain free to speak if you choose to.

- **The distinction matters**: People often conflate ""facing criticism/disagreement"" with ""being silenced,"" but these are fundamentally different. The author argues we should recognize this distinction rather than treating social friction as actual suppression of speech.

The core claim: **Your ability to speak is only truly lost through physical means, not through others' words or reactions.**",0,2,2,3
s30_u,"# Summary of the Argument

The author argues that **China will never surpass the US militarily** based on several key points:

1. **Proven US Capability**: The US has demonstrated military superiority through advanced technology, global logistics, and worldwide military bases.

2. **China's Lack of Combat Experience**: China hasn't fought a war in 50 years, giving it no practical battlefield testing of its military systems or leadership abilities.

3. **Unknown Chinese Technology**: Because China's military hardware has never been used in actual combat, its true effectiveness remains unproven.

4. **US Military Superiority in Specific Scenarios**: The author believes the US Air Force could decisively defeat China in a Taiwan invasion scenario.

5. **Geopolitical Inaction as Evidence**: The author points to instances where China failed to intervene when US interests affected Chinese allies (the Maduro situation, Iran bombing), arguing a true global military power would respond. The US, by contrast, actively supports allies worldwide regardless of opposition.

6. **Conclusion**: China's passivity in defending its interests demonstrates it lacks the military capacity and willingness of the US, proving it cannot replace American military dominance.

The author is asking for counterarguments specifically about military capability, explicitly excluding economic factors.",0,1,2,3
s31_s,"# Summary

The argument claims that far-right criticisms of migrants are ironically more applicable to billionaires and ultra-wealthy elites. The author presents 10 parallel comparisons showing that accusations commonly leveled against migrants (welfare dependency, criminality, tax evasion, cultural threat, insularity, immorality, and political influence) are actually embodied more significantly by the ultrawealthy.

**Key thesis:** The behaviors and vices that right-wing narratives project onto migrants are structurally embodied more thoroughly by economic elites—who additionally have the media influence and political power to shape these narratives in the first place.

**Main examples:**
- Migrants are net contributors; billionaires exploit subsidies and tax breaks
- Migrants commit less crime than natives; elites commit larger-scale financial and sexual crimes
- Migrants integrate when allowed; elites form insular networks and parallel societies
- Migrants fill labor gaps; elites reduce jobs through automation and union-busting

The author emphasizes this is about structural patterns rather than individual cases, and argues that regardless of whether anti-immigrant rhetoric originates solely from the right, that's currently its primary source.",1,2,2,3
s32_u,"# Summary

The argument contends that NFL and NBA championship trophies should be presented to players first (like the NHL's Stanley Cup), rather than to executives. The reasoning:

**Main points:**
- Players, not executives, actually win the games
- Fans want to see players celebrated, not unknown or unpopular billionaire executives
- Executives can still have their moment with the trophy later, during players' media obligations

**Concession:** The author acknowledges executives play a role in building successful teams, but argues this doesn't override the fact that players are responsible for on-field performance and deserve primary recognition.",0,1,2,3
s33_s,"# Summary

The argument claims the Hamburglar is an ineffective criminal because:

1. **His target is impractical**: He steals hamburgers, which spoil quickly
2. **His business model fails**: No one would buy old/moldy burgers, so he can't resell them
3. **He operates at a loss**: His expenses (costume, equipment, etc.) exceed any revenue from selling perishable goods
4. **Conclusion**: He's a poor thief pursuing an economically nonsensical crime

The core point is that stealing perishable food is a fundamentally flawed criminal strategy.",1,1,1,3
s34_u,"# Summary

**Main Claim:** Most people overestimate their ability to reason logically and stay emotionally composed when faced with intense criticism or high-stakes disagreement.

**Key Supporting Points:**
- People believe they argue rationally, but their actual behavior shows deterioration under pressure
- Under intensified pushback, people tend to loosen definitions, abandon positions, and change tone
- This isn't intentional dishonesty—it's a natural human limitation

**Conditions for Changing the View:**
- Evidence that most people actually *do* maintain logical consistency and emotional neutrality under intense pressure

**Openness to Dialogue:**
- Invites counterarguments, particularly from people who believe they personally maintain composure during hard challenges
- Offers to conduct experimental ""pushback sessions"" to test the hypothesis empirically

**In essence:** The argument is that people systematically misjudge their own intellectual stability, and the gap between self-perception and actual performance under pressure is larger than most realize.",1,2,2,3
s36_s,"# Summary

The argument challenges the incel/redpill claim that dating and marriage were easier for men historically. The author contends:

**Their main points:**
- Past conditions were actually *harder*, not easier, for men because they had to gain approval from women's fathers and navigate stricter social norms against premarital sex
- Arranged marriages were limited mostly to upper classes; commoners typically married for love/choice as today
- Modern men have *more* options than ever (can pursue relationships or pay for sex without marriage pressure)
- Dating/sex rates are lower today for other reasons (decreased socialization), not because standards became impossibly high

**Core claim:** The premise that men had it better historically is false; dating is objectively easier now, so incel complaints misdiagnose the actual problem.",1,1,2,3
s38_s,"# Summary of the Argument

The author argues that acknowledging ""stolen land"" in the US is pointless and historically naive for several reasons:

1. **Universal history of conquest**: All land throughout human history has been taken through conquest at some point, making the acknowledgment unremarkable.

2. **Native Americans also conquered**: Indigenous tribes in New England (Abenaki, Pennacook, Piscataque) themselves warred and conquered each other's territory for thousands of years before American colonization.

3. **Infinite regress problem**: Land acknowledgements only recognize the most recent displaced group but ignore previous inhabitants. Where does accountability end? Should we trace back to the first humans?

4. **Normalcy of empire**: Conquest and expansion are inherent to civilization. The US didn't uniquely ""steal"" land—empires throughout history have done this.

5. **Practical impossibility**: The author questions what the goal of these acknowledgements actually is, since returning land (seceding territory back to Mexico or Native Americans) is unrealistic and impractical.

**Core claim**: These acknowledgements ignore historical complexity and are performative without meaningful purpose or solution.",1,2,2,3
s39_s,"# Summary

The argument claims that retirement ages of 70 are unsustainable because:

1. **Impossible career prediction**: Choosing a career at 17 and maintaining it for 53 years is unrealistic given how rapidly technology transforms job markets (the author notes that 1971-2024 saw the creation of computers, the internet, and AI—fundamental shifts).

2. **Career switching is harder now**: Unlike the past, modern careers require specialized degrees (master's degrees are now standard), making it nearly impossible to transition to comparable-paying jobs in your 40s-50s even with discipline.

3. **Recent precedent**: Even ""safe"" career choices like computer science were considered secure only 10 years ago, yet the field has undergone dramatic changes.

4. **The dilemma**: While the poster acknowledges the current retirement system is economically unsustainable, pushing retirement to 70 places an illogical burden on workers to accurately predict and maintain specialized careers across unprecedented technological change.

**Core claim**: The solution of raising retirement age doesn't address the fundamental problem that the premise (stable 53-year careers) is no longer realistic in modern economies.",1,2,2,3
s40_s,"# Summary

The author argues that **all people have intrinsic worth and value**, and asks for counterarguments to challenge this view.

**Main supporting points:**

1. **Productive contribution**: Most people produce something throughout their lives—whether paid work, children, art, or other tangible transformations of the world—giving them economic/creative value.

2. **Unique perspective**: Even non-productive people contribute their unique experiences and existence, affecting those around them simply by being present.

3. **Moral intent**: Most people aim to do good despite disagreements on how; truly malicious people are rare exceptions, so positive impact generally outweighs negative.

4. **Relational meaning**: People create deep meaning in others' lives (parent-child relationships, for example), and this meaningful impact cannot be dismissed as valueless.

**The core claim**: The author rejects the notion that some people are ""worthless"" or contribute ""nothing,"" finding this position difficult to understand given these reasons for universal human value.

**Request**: The author explicitly seeks counterarguments to test and potentially refine their position.",0,2,2,3
s41_s,"# Summary

The argument claims that Alex Warren's commercial success demonstrates that the modern music industry rewards mediocrity rather than genuine talent.

**Key points:**
- Warren's music is described as bland and deliberately generic (""musical equivalent of McDonald's salad"")
- His lyrics are criticized as forced and artificially overwrought
- The author questions his talent overall
- His rise through social media (YouTube/TikTok) makes his success seem particularly inexplicable to the author

**Note:** The author acknowledges this is subjective, but nonetheless uses Warren as evidence that the industry prioritizes marketability or other factors over artistic quality.",1,1,2,3
s44_s,"# Summary

The argument claims that able-bodied people could easily survive a blood-borne zombie outbreak due to four key advantages:

1. **Intelligence superiority**: Zombies lack problem-solving skills and can only pursue mindlessly, making physical barriers (doors, walls, multi-story buildings) highly effective. Humans could additionally use distraction tactics.

2. **Zombie physical vulnerability**: Zombies deteriorate from physical damage and are susceptible to environmental factors (freezing, insects). Humans in defensive positions can inflict damage through projectiles or weapons, and military/police response would accelerate zombie population decline.

3. **Protective equipment**: Basic protective gear (thick clothing, leather, duct-taped armor covering exposed areas) would prevent transmission since infection requires blood-to-blood or blood-to-saliva contact.

4. **Human resource management**: Humanity could control the zombie threat before facing survival resource shortages, relying on existing food/water/medicine supplies and government redistribution until the outbreak was contained.

The core claim is that human cognitive and organizational advantages, combined with zombie limitations and vulnerability, would make the apocalypse manageable for the able-bodied population.",1,2,2,3
s45_u,"# Summary

The argument claims AI training on copyrighted material is **ethically equivalent to human learning**, with these key points:

**Main Claim:** If AI companies obtain content legally, using it to train models and generate new content is no different morally than humans reading books to inform their own creative writing.

**Core Reasoning:**
- Humans learn by consuming existing works (reading horror novels, studying Stephen King's style) and synthesizing that into new content—this is accepted and standard
- AI models do the identical process: absorb patterns from training data and generate original content
- The only difference is **scale and speed**, which shouldn't change the ethics

**Distinction Made:** The argument separates copyright *infringement* (the crime of obtaining content) from the *use* of legally obtained content for training—only the former is wrong.

**Implied Conclusion:** Opposition to AI training is inconsistent, likely driven by anxiety about AI replacing humans rather than genuine ethical principles.

**Note:** The author acknowledges they oppose piracy but argues that's a separate legal issue from whether training itself is unethical.",0,2,2,3
s46_u,"# Summary

The argument claims that AI will effectively destroy social media because:

**The Core Problem:** As AI becomes better at mimicking humans, users won't be able to trust whether they're talking to real people, making social media interactions pointless.

**Evidence of decline:**
- Moderators requiring users to prove they're human
- Widespread skepticism about whether content is AI-generated

**The verification paradox:** There's no practical solution to prove you're human online without serious privacy violations or creating methods that AI can easily fake anyway.

**Self-destructive irony:** Major platforms like Twitter/X and Facebook depend on ad revenue but are investing heavily in AI while already suffering from bot problems and advertiser exodus. Eventually, platforms will become mostly bots interacting with bots.

**The end result:** This resource-intensive waste (with environmental costs) will eventually prompt authorities to shut down social media entirely.

**Silver lining:** The author sees a potential upside—people might return to valuing face-to-face interaction.

In essence: AI will make social media untrustworthy → users will abandon it → platforms become bot-filled wastelands → they'll be shut down.",0,2,2,3
s47_u,"# Summary

The argument contends that cosmetic surgery (excluding medically necessary procedures) shouldn't be as socially accepted because:

1. **It fuels a harmful culture** centered on vanity and physical optimization that damages mental health, particularly among adolescents

2. **It often produces poor results** — the author claims most cosmetic surgery makes people look worse

3. **It perpetuates a cycle** — widespread acceptance of cosmetic surgery reinforces insecurity and judgment in society, when greater self-acceptance could break this cycle instead

4. **It can become extreme** — some pursue dangerous procedures in pursuit of attractiveness

The underlying premise is that normalizing cosmetic surgery drives unrealistic beauty standards and insecurity rather than solving them.",0,1,2,3
s48_u,"# Summary

The argument claims that while Bill Gates had affairs with adult women (including prostitutes) and associated with Jeffrey Epstein, there is no evidence he raped children. The key points are:

**Evidence presented:**
- Released emails show Gates's interactions with Epstein were primarily business-related
- References to ""Russian hookers"" and affairs were with adults, not minors
- No underage victims have testified against Gates
- Photos show Gates with adult women, not children

**Proposed explanation for incriminating emails:**
- The controversial email was likely written by Gates's fired scientific advisor Boris Nikolak as blackmail, not by Epstein
- It concerned Gates contracting STDs from prostitutes and attempting to treat his wife without her knowledge

**Conclusion:**
While the author acknowledges Gates's infidelity was immoral and associating with Epstein was wrong, having affairs with adult prostitutes is not the same as pedophilia. Without direct evidence of child abuse, the author argues the specific claim of child rape is unfounded.

---

**Note:** This argument relies on interpretations of limited documents and speculative reasoning about motivations and authorship. Claims about historical figures and allegations should be evaluated against verified sources and official investigations.",0,2,2,3
s49_s,"# Summary

**Main Claim:** Witold Pilecki deserves recognition as one of WWII's greatest heroes, despite being largely unknown globally.

**Key Supporting Points:**
- He voluntarily infiltrated Auschwitz (1940) to gather intelligence and document Nazi atrocities
- His reports (1943, 1945) exposed camp conditions to the Allies
- He showed extraordinary courage and patriotism despite lack of external support
- His story was suppressed by the Soviet regime until 1991
- He died heroically, executed for resisting communist oppression

**Implicit Argument:** His obscurity outside Poland is unjust—he made sacrifices comparable to or exceeding those of widely celebrated WWII figures and deserves equal recognition and educational prominence.

**Openness to Counterarguments:** The author acknowledges they could change their view if shown that:
1. Pilecki already has significant international recognition
2. ""Greatness"" is too subjective to support the claim
3. He's not truly ""unsung"" given available information about him
4. Other heroes' achievements were substantially greater",1,2,2,3
s50_s,"# Summary

The author argues that pirating successful video games is ethical using a **consequentialist framework**. Their key points:

1. **Ethical approach**: They judge actions by whether universal adoption would increase overall happiness, rather than applying absolute moral rules.

2. **Why not all piracy**: They oppose widespread game piracy because it would collapse the industry and decrease happiness overall.

3. **The exception for successful games**: They argue pirating games that have already achieved significant commercial success is acceptable because:
   - The developers have already secured substantial profit and financial stability
   - No additional piracy would meaningfully harm their wellbeing or ability to create future games
   - Universal adoption of this practice would only impose a ""soft cap"" on excessive earnings rather than harm the industry

4. **Defining ""successful""**: A game qualifies as successful enough to pirate if its revenue ensures each team member can earn approximately $100,000+ annually (covering needs, wants, savings, and debt comfortably).

The author essentially argues that pirating already-profitable games doesn't cause net harm because developers have already achieved their financial goals, making the moral calculus different than pirating games from struggling developers.",1,1,2,3
s51_s,"# Summary

The argument claims that white/American people *do* have a culture, but it's invisible to them because it's dominant and normalized as the default.

**Main points:**

1. **Invisibility of majority culture**: Dominant cultures seem cultureless because they're the baseline—like not noticing your own accent until you leave your region.

2. **Contrast with minority cultures**: Minority cultures appear more visible and distinctive because they're separated from the dominant culture, making their customs stand out.

3. **Relativity principle**: If the demographic power structure were reversed (e.g., if you were a minority in Japan), the same invisibility would apply to the previously dominant group.

4. **Layered identity**: People can hold multiple cultural identities simultaneously (e.g., African Americans participate in both American and Black culture).

5. **Internal diversity**: ""White culture"" itself contains multiple subcultures varying by country and ethnicity.

**Core thesis**: Claims of ""no white/American culture"" reflect a perception problem—the culture is there, but goes unnoticed because it's the unexamined norm.",1,2,2,3
s52_u,"# Summary

The argument contends that despite the lessons of past failed wars, politicians will successfully lead the U.S. into a major conflict with Iran.

**Main points:**

1. **Historical precedent**: Vietnam created genuine anti-war sentiment (""Vietnam Syndrome""), yet 9/11 quickly erased this opposition, enabling the Afghanistan and Iraq wars.

2. **War opposition is temporary, not permanent**: The author argues that public resistance to war is a fleeting ""mood"" rather than a lasting value, easily overridden by new circumstances.

3. **Partisan tribalism overrides memory**: People support wars when ""their"" political team supports them, regardless of past failures or logical consistency.

4. **Each war gets reframed as different**: New conflicts are marketed as fundamentally distinct from previous ones (Iraq wasn't Vietnam because of ""precision weapons""), and the public accepts these distinctions because they *want* to.

**Conclusion**: The same mechanism that erased Vietnam Syndrome will neutralize lessons from Afghanistan and Iraq, making Iran war politically viable despite historical warnings.",0,1,2,3
s54_u,"# Summary

The argument contends that mountaintop removal mining is worse for both the environment and West Virginia's residents than environmentalism itself would be.

**Main claims:**

1. **Environmental damage**: Destroys ecosystems permanently, killing wildlife that cannot return
2. **Lost recreation opportunities**: Eliminates mountains suitable for hiking and skiing, harming the tourism economy
3. **Water pollution**: Contaminates water supplies, causing health problems and disease
4. **Job losses**: Despite extracting more coal per job, it reduces total mining employment, leaving miners jobless and worse off
5. **Concentrated benefits**: Only enriches out-of-state corporate oligarchs, not local workers

The argument frames mountaintop removal as particularly harmful to coal miners themselves—the very workers the industry claims to serve—by displacing them while degrading their environment and health, all while profits flow to distant corporations.",0,2,2,3
s55_s,"# Summary of the Argument

The poster claims BP orchestrated a PR campaign using #MeToo-style allegations to remove pro-renewable CEO Bernard Looney and replace him with someone favoring fossil fuels.

## Key Claims:
- **The setup**: Looney promised net-zero by 2050, concerning investors focused on short-term profits
- **The mechanism**: In 2023, he resigned amid ""serious misconduct"" allegations that were deliberately sensationalized
- **The reality check**: The actual allegation was merely that he failed to fully disclose consensual relationships with colleagues (occurring before he was CEO)
- **The evidence**: Within months, his replacement cut renewable investment by $5B annually, increased fossil fuel spending, and scaled back emissions targets
- **The smoking gun**: Limited media coverage of this strategic reversal suggests the PR campaign succeeded in distracting from the energy policy shift

## The Core Thesis:
This was a calculated conspiracy by hedge fund/PE shareholders to exploit public sensitivity around sexual misconduct to remove an obstacle to fossil fuel profitability, then quietly reverse the green energy strategy.

The poster acknowledges this reads as a conspiracy theory and invites scrutiny.",1,2,2,3
s56_s,"# Summary of the Argument

The poster argues that human civilization will collapse within 10-50 years due to:

**Primary concerns:**
- Climate change
- Biodiversity loss
- Resource overshoot

**Evidence cited:**
- News articles and online communities focused on environmental collapse
- Personal observations in Victoria, Australia: crumbling infrastructure, declining pollinators, disappearing wildlife, extreme weather whiplash, government inaction

**Predicted outcome:**
- Widespread starvation, resource wars, social breakdown
- Mass death and failure of emergency services
- Wealthy elite retreating to bunkers while others fight for survival

**Core question:**
Is this realistic assessment or anxiety-driven catastrophizing? Are there viable alternatives to collapse?

---

## Key Context

The poster is clearly experiencing significant distress about the future, particularly regarding their child's prospects. They're seeking validation/correction of their worldview while questioning whether their concerns are proportionate to actual risks. The local environmental changes they describe suggest genuine observations, but the interpretive frame they've applied appears quite pessimistic.",1,2,2,3
s58_s,"# Summary

The argument makes these main points:

1. **Being mentioned ≠ guilt**: Simply appearing in the Epstein files (3 million pages) doesn't prove complicity or wrongdoing.

2. **Epstein's strategy**: Epstein deliberately cultivated relationships with powerful people across the political and social spectrum, so his connections to various figures are unsurprising rather than incriminating.

3. **Distinguish degrees of involvement**: Some people clearly were involved and warrant investigation; others were merely acquainted with him.

4. **Social media caution**: Posts claiming ""X was mentioned in the files"" often jump to guilt without evidence, which is problematic.

5. **Open to correction**: The author acknowledges they haven't deeply researched the details and invites correction if they've misunderstood what the files contain or if mere association with Epstein indicates guilt.

**Core claim**: We should be careful about conflating association with culpability while still holding genuinely involved parties accountable.",1,2,2,3
s59_u,"# Summary

The argument challenges the idea that Democrats must choose between moving entirely left or entirely center. Key points:

1. **The false dichotomy**: Post-2024 debate frames this as an all-or-nothing directional shift, which oversimplifies the solution.

2. **Trump as counterexample**: Trump succeeded in 2016 by being ideologically inconsistent—taking hardline positions on immigration (right) while adopting populist messaging on social programs like Medicare and Social Security (left). Voters even saw him as relatively moderate.

3. **The proposed alternative**: Rather than a wholesale platform shift, Democrats should:
   - Take varied positions issue-by-issue based on what works
   - Focus on **messaging strategy**—reframing progressive policies with language that appeals to swing and moderate voters (similar to how Trump frames tax cuts for the wealthy as populist)

**Core insight**: Success comes from strategic positioning and messaging tailored to different voter groups, not ideological purity in one direction.",0,2,2,3
s60_u,"# Summary

**Original Argument:**
The poster argues that humanity has failed to prevent global warming and faces inevitable catastrophe within 50-100 years. They predict worsening weather, infrastructure collapse, resource depletion, mass uninhabitability, and societal breakdown from forced mass migration.

**What They're Asking For:**
Science-based evidence that these catastrophic outcomes won't occur, with citations preferred and conspiracy theories excluded.

**How Their View Changed:**
The poster's initial certainty shifted slightly toward:
1. Acknowledging that technological advances *might* mitigate (though not prevent) the worst effects
2. Recognizing that human behavioral responses to climate impacts are unpredictable, making precise forecasting difficult

**Key Takeaway:**
The poster moved from ""catastrophe is certain"" to ""catastrophe is likely but not inevitable,"" while remaining fundamentally concerned about climate risks. They appreciated evidence-based counterarguments and sources while maintaining skepticism about optimistic scenarios.",0,2,2,3
s61_s,"# Summary of the Argument

The author contends that Lucy Letby's conviction for murdering babies represents a major miscarriage of justice, comparable to the Sally Clarke case. The core argument rests on these points:

## Evidence Problems

- **No physical/forensic evidence, witnesses, or motive** existed
- **Medical expert consensus**: A panel of 14 leading neonatologists found no evidence of deliberate harm in any of the 17 cases and identified plausible alternative causes and systemic hospital failures
- **Misinterpreted research**: Prosecution expert Dr. Dewi Evans misapplied Dr. Shoo Lee's 1989 paper; Lee himself publicly corrected this misinterpretation after the trial

## Statistical Evidence Flaws

- **Shift rota analysis** (key to initial suspicion) has been widely criticized by statisticians as fallacious because it ignored deaths when Letby wasn't present, lacked clear definitions, and failed to account for other variables (doctors' shifts, back door access, her longer hours than peers)

## Trial Procedural Issues

- **""Night dress"" contradiction**: Letby appeared to lie about clothing, damaging credibility—but this was actually confusion about which arrest the prosecution referenced
- **Confession notes**: Written during psychiatric treatment as a mental health exercise, not a genuine confession; an",1,2,2,3
s63_s,"# Summary

The argument claims that despite current outrage, the USA will not experience civil war, revolution, or meaningful uprising because:

1. **Historical comparison fails**: Nepal and Middle Eastern countries succeeded in overthrowing regimes because they were unstable, weak states with nothing to lose. The US power structure is too entrenched and stable for similar outcomes.

2. **Structural stability prevents revolt**: American elites are too comfortable and secure to risk losing power through conflict. Resignation isn't appealing when you can simply weather the storm.

3. **Public apathy will prevail**: Most Americans are preoccupied with daily life and jobs. Historical precedent (Epstein scandal) shows public outrage fades quickly.

4. **Political tribalism blocks change**: Even damning evidence won't shake core supporters of major political figures, so mass mobilization is unlikely.

5. **Conclusion**: At worst, the situation will result in minor political losses or rare isolated violence, but the status quo will largely persist within a few years, with most people forgetting about the issue entirely.

The author is essentially arguing that structural comfort, public distraction, and political polarization make large-scale upheaval in America improbable despite periodic crises.",1,2,2,3
s64_s,"# Summary

The argument claims that copyright strikes against YouTubers for content that qualifies as fair use are counterproductive for media companies:

**Main Points:**
- Multiple creators have been forced to heavily censor videos that should legally qualify as fair use
- These strikes backfire financially: the creator's example discovered a show through a favorable review, then purchased the entire series—generating profit for the company
- Media companies benefit from organic promotion and word-of-mouth buzz; striking down these videos eliminates free advertising
- The problem stems from outsourced copyright enforcement that doesn't properly evaluate whether claims are legitimate

**Proposed Solution:**
Companies should conduct proper due diligence before issuing strikes, distinguishing between actual copyright violations and fair use cases. Better enforcement would protect the company's image and allow beneficial fan discussion to continue.

**Core Logic:** Overzealous copyright enforcement harms creators unfairly, loses the company free promotion and potential customers, and damages corporate reputation—making it economically self-defeating.",1,1,2,3
s66_s,"# Summary

**Main Claim:** There's a moral obligation to refuse tipping because it perpetuates exploitative labor practices where businesses underpay workers and rely on customer tips to subsidize wages.

**The Strategy:** By making tipped positions economically unviable (through collective non-tipping), workers will leave these jobs, forcing businesses to raise prices and pay living wages directly.

**The Nuance:** The author is firm that tipping *as a system* should be abolished, but is more open to debate on whether this means *they personally* must always refuse to tip in practice.

In essence: the argument uses economic pressure as a moral tool to dismantle an exploitative system, though the author acknowledges tension between the ideal principle (never tip) and practical implementation.",1,2,2,3
s67_s,"# Summary

The argument claims that gymnastics, figure skating, and similar activities are fundamentally different from traditional sports and shouldn't be categorized the same way.

**Main distinction:** True sports have **objective outcomes** determined by clear, rule-based criteria that any knowledgeable observer would agree upon (like football's final score). In contrast, gymnastics relies on **subjective expert judgment**—multiple qualified judges often disagree on scoring, making winners essentially matters of opinion, similar to judging art or films.

**Key points:**
- Officials in sports enforce rules but don't determine winners; judges in gymnastics determine winners through subjective evaluation
- Comparing athletes across sports (e.g., ""greatest of all time"") works for sports using objective metrics (Super Bowls, yards) but not for gymnastics
- This categorization difference isn't a value judgment—gymnastics requires impressive athleticism—just a recognition that it's a fundamentally different type of activity
- The author isn't arguing these activities shouldn't exist or be in the Olympics, only that they deserve their own category rather than being called ""sports""

The author seeks counterarguments that don't rely on dictionary definitions or Olympic inclusion, which they consider insufficient responses to the core distinction.",0,2,2,3
s69_s,"# Summary of the Argument

**Main Claim:** Professors shouldn't penalize students for using generative AI if the final product is objectively superior to manual work.

**Supporting Points:**
- The student's manually-created financial plan received an A, while a classmate's AI-generated plan (which was more detailed and comprehensive) received a B-
- The AI plan was objectively better in quality and creativity
- In professional contexts, clients only care about results, not the method used
- Students are being rewarded for effort/process rather than output quality
- This misaligns academic evaluation with real-world standards

**Underlying Tension:** The argument highlights a conflict between two educational values—rewarding the **learning process** (manual work, skill development) versus rewarding **final product quality** (the actual deliverable's excellence).

The post essentially asks whether academia should function like the real world (outcomes-focused) or maintain distinct educational purposes that may prioritize learning and skill-building over results.",1,2,2,3
s70_s,"# Summary

The author argues that gifted education programs are ultimately harmful, claiming they:

1. **Limit socialization** – By pulling only 1-5% of students into separate programs, gifted students develop smaller peer groups and miss crucial opportunities for broader social development, leading to later loneliness.

2. **Fail at actual instruction** – Despite the pitch of ""best teachers, best practices,"" the author argues gifted programs teach poorly, evidenced by their tutoring business serving many ""burned out gifted kids"" who lack basic learning skills and struggle when facing real academic challenges.

3. **Create psychological harm** – Labeling children as ""best and brightest"" instills either unhealthy superiority complexes or anxiety/depression when they inevitably fail to meet unrealistic expectations.

4. **Provide no practical advantage** – The programs offer no real-world benefit since students must pass the same standardized tests, college admissions don't prioritize gifted program participation, and employers don't consider it.

**Core claim:** Gifted programs sacrifice essential social-emotional development for an elitist system that doesn't deliver on its promises and leaves students worse off long-term.",1,1,2,3
s71_s,"# Summary

**Main Argument:** British voters opposed to Nigel Farage becoming PM should vote Labour in the next General Election, despite reservations about the party.

**Key Reasoning:**
1. While Labour has legitimate criticisms, the leap from disliking them to voting in ways that *increase* Farage's chances of becoming PM requires extensive justification
2. Splitting the progressive vote between Labour and other progressive parties is strategically harmful because:
   - It could allow Reform to become the largest parliamentary party
   - It enables Reform to win seats with minority vote shares through vote fragmentation

**Exceptions:** The author identifies only two valid reasons to vote otherwise:
1. You don't object to Farage becoming PM
2. You don't live in a Labour-held seat

**Tone:** The author frames this as pragmatic voting strategy rather than enthusiastic support for Labour, explicitly stating they're not a major fan of Keir Starmer but view harm reduction as the rational choice.",1,2,2,3
s72_u,"# Summary

The author argues that socialism won't replace capitalism in the US this century for three main reasons:

1. **Historical precedent**: True socialism has never been implemented—only communist dictatorships exist. Americans value individual freedom, making them unlikely to accept a system associated with authoritarianism.

2. **Cultural stigma**: McCarthyism created lasting negative associations with socialism in American culture, limiting its appeal and political viability.

3. **Conceptual contradictions**: The author notes a paradox—critics complain about not owning things under capitalism, yet socialism (as they understand it) involves collective ownership rather than individual ownership, which may not resolve the underlying concern.

**Overall conclusion**: Given America's capitalist identity and cultural resistance to socialism, the US is unlikely to adopt socialism as an alternative system in the coming decades.",0,1,2,3
s73_s,"# Summary

The argument presents a dystopian prediction about the inevitable global future:

**The mechanism:**
1. Rising inequality empowers wealthy elites in major military powers
2. These elites install authoritarian leaders and dismantle democratic institutions
3. These authoritarian states expand globally through military or soft power
4. AI-enabled mass surveillance becomes total and inescapable
5. Dissent is systematically prevented before it emerges

**The conclusion:**
Democratic advocacy will eventually be prohibited worldwide as the world settles into a permanent state of global oligarchic authoritarianism—a stable equilibrium that will be nearly impossible to reverse.

**The underlying claim:**
This outcome is presented as inevitable; efforts to prevent it are merely temporary delays of the unavoidable.

---

**Note:** This is a fatalistic argument that combines concerns about inequality, technological surveillance capability, and geopolitical power concentration into a prediction of irreversible authoritarian consolidation. The claim rests heavily on assumptions about inevitability that are themselves debatable.",1,1,2,3
s75_s,"# Summary

The argument claims that China and Europe will suffer significant economic harm from escalating conflict with Iran, regardless of the conflict's moral justification:

**China's vulnerability:**
- Loses ~50% of its oil supply (from Persian Gulf) due to the Strait of Hormuz closure
- Has only ~2 months of oil reserves
- Cannot easily substitute Russian oil due to US-led seizures of Russian shipments
- Faces acute supply crisis even with quick military resolution

**Europe's vulnerability:**
- Faces Red Sea disruptions from Iranian-backed Houthis, repeating last year's crisis
- Shipping costs between Europe and Asian manufacturing centers could spike 250%
- US military resources are stretched thin and may not quickly suppress Houthi attacks
- Increasing economic dependence on the US as an energy supplier
- Economic growth will stagnate from higher shipping costs

**US advantage:**
- Benefits as a major oil exporter while global prices spike
- Largely insulated from supply disruptions

The core argument is that structural economic dependencies and geography create asymmetric harm, with China and Europe bearing disproportionate costs regardless of the conflict's strategic outcomes.",1,2,2,3
s76_s,"# Summary

The OP argues that calling the USA ""America"" and its citizens ""Americans"" is legitimate and should be the default in English. Their three main points are:

1. **Historical precedent**: US colonists began using ""American"" as a self-identifier before independence—a practical, innocent distinction from other English subjects.

2. **Chronological priority**: The USA became independent and established its ""America""/""American"" identity before Latin American nations gained independence. When other American countries later formed their own identities, the US terminology was already entrenched.

3. **Geographic distinction**: North and South America are geographically and culturally distinct enough to justify treating them as separate continents. The Darién Gap creates a natural separation, and their colonial histories (English/French vs. Spanish/Portuguese) differ significantly.

**Key caveat**: The OP respects Latin America's right to teach their own continental model but argues this shouldn't be considered US-centric defaultism in English, given the historical and geographic justifications above.

In their edits, the OP acknowledges not being persuaded by counterarguments and notes that many objections seemed motivated by suspicion rather than understanding, while also recognizing they may not fully grasp how this terminology affects broader hemispheric identity.",1,2,2,3
s77_s,"# Summary

**Main Argument:** Violence against people for their political views is wrong and indefensible, regardless of how objectionable those views are.

**Key Points:**

1. **Violence = lack of impulse control** – Punching someone is an unjustified, reactive response that makes the aggressor look worse

2. **Free speech principle** – People are entitled to express disagreement verbally, not violently, even with views you strongly oppose

3. **Dangerous precedent** – Supporting violence against those you disagree with enables authoritarianism and suppression of speech

4. **Self-control matters** – Living in society requires tolerating viewpoints you find disagreeable

5. **Rejects common counterarguments** – Dismisses the argument that some views (like Nazi ideology) justify violence as either extreme comparisons or lazy online rhetoric

**Tone:** The author acknowledges this is difficult territory but insists that physical violence is never the proportionate response to speech, and that civilized disagreement is foundational to a functioning society.",1,2,2,3
s78_s,"# Summary of the Argument

The author argues that **China has already surpassed or is inevitably surpassing the US as the world's superpower** due to several interconnected factors:

## Economic Dominance
- China's PPP-adjusted GDP exceeds the US, and it controls critical manufacturing sectors (EVs, renewables, batteries, robotics, semiconductors)
- The US economy relies on inflated sectors (AI investments, healthcare, financial services) rather than productive manufacturing
- China experiences supply-side deflation from manufacturing abundance, while US manufacturing capacity has atrophied

## Technological & Infrastructure Leadership
- China leads in key future technologies and possesses half of global manufacturing
- Superior infrastructure and developed cities demonstrate practical capability
- The US lacks sufficient electrical generation to compete in AI development

## Energy Transition
- China is becoming an ""electrostate"" through renewable dominance
- The US remains dependent on fossil fuels, putting it at a civilizational disadvantage

## Soft Power Growth
- Chinese cultural products (media, games) are gaining global appeal, especially among Gen Z
- The US has weakened its soft power by dismantling USAID and alienating allies
- China's Belt and Road Initiative is expanding while US influence declines

## Military Reality Check
- While the US maintains military superiority now, China's industrial advantage will eventually overcome this edge
- US relationships",1,2,2,3
s79_s,"# Summary

The argument contends that opposing democratically supported separatism within one's own country is irrational. The core claims are:

1. **Democratic principle**: If a region's population democratically votes for independence, respecting self-determination should override other objections.

2. **Minimal impact**: Separation shouldn't meaningfully harm the remaining country's population, making opposition illogical.

3. **Examples of puzzling opposition**: The author cites Spain (Catalonia), UK (Scotland/Ireland), Turkey (Kurdistan), and Serbia (Kosovo) as cases where majorities oppose separatism despite these reasons.

4. **Personal position**: As a German, the author claims they'd accept regional independence without concern.

5. **Qualifications**: The author acknowledges exceptions—separatism designed to protect human rights violations (slavery) or territorial claims without local support—shouldn't be permitted.

**Bottom line**: Democratic majorities voting for independence should be accommodated as a basic principle, and opposition to this is difficult to justify unless motivated by illegitimate reasons.",1,2,2,3
s80_u,"# Summary

**Main Argument:** The US education problem stems not from a flawed system, but from cultural attitudes. Americans view education primarily as a means to employment rather than as inherently valuable. The author's international experience showed that other countries have students who genuinely value learning for its own sake. Until American culture shifts to prioritize education as worthwhile beyond career prospects, systemic reforms alone will have limited impact.

**Key Point:** Cultural change, not structural change, is the real solution needed.",0,1,1,3
s82_s,"# Summary

The argument claims that society should actively challenge people who label men as ""creepy"" for respectfully asking women out, just as it pushes back against men who won't accept rejection.

**The core claim:** A man who:
- Asks a woman out in an appropriate social setting
- Has had genuine conversations with her first
- Immediately accepts rejection without further pursuit

...is behaving normally and should not be labeled a creep, regardless of his appearance or social skills.

**The problem identified:** People who call such men ""creeps"" or ""weirdos"" are unreasonably hostile and should themselves be called out for it. This fear of being labeled a creep is allegedly preventing men from approaching women at all, ultimately harming women who want to be asked out.

**The solution proposed:** Society should explicitly defend respectful men and criticize those who demonize them for normal romantic approaches.

**The caveat:** This only applies if the man truly accepts rejection completely; persistent pursuit after rejection does constitute creepy behavior.

The argument essentially frames the issue as a false equivalence problem—that ""not accepting rejection"" and ""not accepting being asked out"" are both unreasonable, but only one receives significant social pushback.",1,2,2,3
s85_s,"# Summary

The argument contends that **direct democracy through referendums is problematic** because:

1. **Complexity requires expertise** — Major policy decisions (like Brexit) involve intricate social, economic, and political consequences that most voters lack the knowledge to properly evaluate

2. **The electorate is uninformed** — Ordinary citizens don't have access to the expert analysis and extensive research that government departments possess

3. **Brexit as a cautionary example** — The referendum is presented as evidence that letting the general public decide complex international policy is unwise

4. **Representatives + experts are better** — Elected officials who can consult specialized government departments are better suited to make informed decisions than the uninformed majority

The author uses a reductio ad absurdum (the French throne example) to illustrate why some decisions shouldn't be subject to public votes, though they acknowledge referendums aren't entirely without merit—just inappropriate for most complex policy decisions.

**Core position**: Representative democracy with expert consultation beats direct democracy for technical, consequential issues.",1,2,2,3
s86_u,"# Summary

**Main Argument:** US intervention in Iranian affairs is morally and legally wrong, and Iranians supporting foreign intervention are misguided ""quislings"" (collaborators) lacking national dignity.

**Key Points:**

1. **Principle**: Violating international law and sovereignty to overthrow governments—however oppressive—is despicable and no country should have such authority.

2. **Historical Pattern Analogy**: Uses *The Three Body Problem* novel to argue that internal dissidents inviting foreign intervention inevitably leads to national destruction, not improvement. Countries like Libya, Iraq, and Guatemala followed similar patterns.

3. **The ""New Iranians"" Criticism**: Iranians celebrating potential foreign-backed regime change don't understand the consequences. The author cites colleagues celebrating civilian deaths as evidence they're blinded by euphoria rather than thoughtful about outcomes.

4. **Loss of Sovereignty**: Foreign intervention strips countries of dignity, sovereignty, and resources—a lesson the author's own country learned. Self-respect requires rejecting this, not welcoming it.

5. **Concession**: The author opposes the Iranian regime but maintains this doesn't justify external interference. They remain open to counterarguments.

**Core Tension:** Supporting Iranian freedom while opposing the means (foreign intervention) that proponents argue could achieve it.",0,2,2,3
s87_s,"# Summary

The argument claims Republicans have established authoritarian control over America with no realistic path back to free elections. The key supporting points are:

1. **Willingness to use force**: The administration and its armed supporters will violently suppress opposition without consequence

2. **Information control**: Media ownership by allied oligarchs prevents public awareness of abuses, while surveillance technology suppresses organizing

3. **Nuclear deterrent**: Possession of nuclear weapons prevents external intervention, making internal resistance the only option—but that's already been neutralized

4. **No viable opposition mechanism**: The author concludes there's no remaining institutional or practical way to restore democratic elections

The author frames this as a logical conclusion they've reached reluctantly, explicitly stating they hope to be proven wrong.

---

**Note**: This argument makes sweeping empirical claims about current conditions (media control, willingness to use lethal force domestically, etc.) that would require evidence to evaluate. It also relies on worst-case assumptions about future behavior rather than analyzing existing constraints on executive power (courts, Congress, institutions, etc.).",1,2,2,3
s88_s,"# Summary of Argument

**Main Claim:** Breeding dogs and cats for companionship is unethical and should stop; people should adopt from shelters instead.

**Key Supporting Points:**

1. **Capacity Crisis**: ~600,000 pets are euthanized annually in US shelters for lack of space, while ~3 million are sold through breeders. If 20% of buyers adopted instead, shelter euthanasia could be eliminated.

2. **Indirect Responsibility**: While breeders don't directly kill shelter animals, they divert adopters from saving lives and perpetuate a system that leads to deaths.

3. **No Moral Distinction**: The author equates reputable breeders with puppy mills—both have the same harmful outcome regardless of treatment quality.

4. **Breeder Contribution to Strays**: Breeders sell unfixed pets to irresponsible owners, creating stray populations that end shelters overflow (unlike rescues/shelters, which fix animals before adoption).

5. **Genetic & Practical Issues**: Purebreds suffer from inbreeding problems; mixed breeds are healthier. Most people use dogs as companions, not working animals, so breed-specific traits are unnecessary.

6. **Availability of Alternatives**: Shelter pets include purebreds (25%+), puppies/k",1,2,2,3
s90_s,"# Summary

**Original argument:** Hungary should be expelled from the EU because it repeatedly blocks unified EU policies against Russia, undermining collective security during Ukraine's crisis. The author questions whether Hungary is a Russian asset and criticizes the EU for appearing weak and indecisive.

**Evolution after discussion:**

1. **First revision:** The author softened their stance after considering Hungary's energy dependence and self-interested motivations, but still believes countries blocking critical collective policies should face consequences.

2. **Second revision:** After learning about upcoming Hungarian elections, the author reconsidered punitive action as counterproductive, favoring a ""wait and see"" approach hoping for Orbán's electoral defeat.

**Key shift:** The argument moved from calling for expulsion to advocating patience, acknowledging that Hungary's obstruction has understandable causes (energy security) and that timing matters politically.",1,2,2,3
s91_s,"# Summary

The argument challenges the common belief that defensiveness indicates guilt. The poster argues this is a logical inconsistency by drawing a parallel to physical self-defense:

**Main points:**
- Society accepts defending yourself against physical attacks as normal and necessary
- Yet defending yourself against emotional/verbal accusations is viewed as suspicious or guilt-indicating
- This is presented as an unfair double standard
- The poster contends that refuting false accusations is a reasonable response, not evidence of wrongdoing

**Core thesis:** Defensiveness should not be interpreted as an admission of guilt, just as physical self-defense isn't.",1,1,2,3
s92_s,"# Summary of the Argument

## Main Thesis
All charities should be boycotted because essential services should be funded through democratic taxation, not private charity.

## Core Arguments

1. **Charities fill government gaps**: Essential services like air ambulances, coast guards, poverty relief, medical research, and foreign aid should be state-funded rather than dependent on charity.

2. **Charities are undemocratic**: Wealthy donors have disproportionate control over how funds are distributed, rather than the general population having equal say through democratic processes.

3. **Charities enable government neglect**: By patching problems, charities remove political pressure on governments to properly fund and address root causes.

4. **Market inefficiency**: Charities compete for donor attention through emotional appeals rather than rational allocation to causes that would do the most good. This wastes money on advertising and diverts funds between charities rather than maximizing impact.

## The Solution
Boycotting charities would expose government failures, creating public pressure for proper taxation and state provision of all essential services.

## Caveat
The argument assumes perfectly benevolent charities and focuses on Britain, acknowledging it may not apply universally.

**In essence**: Charity perpetuates inequality and democratic failure; governments should provide all essential services through taxation instead.",1,2,2,3
s94_s,"# Summary of the Open Borders Argument

The argument advocates for completely open US borders (with standard documentation tracking) based on five main pillars:

**Economics:** Immigrants boost the economy through consumption, labor, and tax contributions while facing welfare restrictions. They increase birth rates necessary for economic health. Excluding competitive workers makes the nation less competitive overall.

**Crime:** Immigrants commit crimes at lower rates. Legalizing their status would reduce unreported crimes (extortion, wage theft) that currently go unpunished due to deportation fears, while improving police cooperation.

**Culture:** American culture has evolved positively from immigrant influences (jazz, yoga, etc.). Concerns about demographic change are rooted in racial anxiety rather than legitimate cultural threats.

**History:** Anti-immigration positions historically align with groups like the KKK. Historical immigration has benefited the country; problems blamed on immigrants (poverty, crime) often have other causes.

**Politics:** Fears that immigrants vote for their interests are unfounded objections to normal democratic participation.

**Conclusion:** Once in the country, immigrants should have the same legal rights and responsibilities as citizens—no distinction in treatment. The principle is based on the idea that all people deserve equal treatment regardless of birthplace.

The core argument: immigration is economically beneficial, culturally enriching, reduces crime through legalization, historically proven positive, and morally justified by egalitarian principles.",1,2,2,3
s95_u,"# Summary of the Argument

The poster proposes decoupling employment benefits from employers through a system where:

**Core mechanism:**
- Health insurance, PTO, and wages become individually portable, following workers between jobs
- Employers contribute fixed percentages (e.g., 8% for health, 12% for PTO) directly to employee accounts rather than selecting plans
- Employees control their benefit spending and can invest unused funds

**Claimed benefits:**
- Employees gain independence and aren't trapped by health insurance ties
- Competition shifts from employers choosing group plans to individuals shopping insurers, creating cost pressure
- Employers can't save money keeping workers part-time (since they must contribute regardless of hours)
- Workers feel freer to leave jobs without fear

**Additional proposals:**
- Universal baseline SNAP ($50/month) with opt-in pre-tax additions
- Public option insurance to compete with private sector
- Part of a broader social safety net redesign for modern multi-employer work patterns

**What they're asking for:**
Critiques identifying the major practical, economic, or implementation problems with this system.

---

The argument essentially trades traditional employer-tied benefits for a more libertarian-style system prioritizing worker mobility and individual choice, while asking what could go wrong with this approach.",0,2,2,3
s96_s,"# Summary

The poster argues that **all criminals deserve basic human rights and an opportunity for redemption without cruel punishment**, regardless of their crime severity.

## Key Points:

1. **Human Rights as Universal** - Basic rights shouldn't be conditional on good behavior; they're inherent to all people

2. **Brain Plasticity** - Humans can change throughout life, so denying redemption opportunities wastes potential good they might do

3. **Consequences ≠ Cruelty** - Wrongdoers should face proportionate consequences (incarceration, loss of rights) but not torture or execution

4. **Utilitarian Justice** - Punishing offenders extra harshly (especially with death) doesn't undo victims' suffering and only adds more wasted human potential

5. **Redemption as a Process** - Rather than a fixed endpoint, redemption involves three elements:
   - Recognition of wrongdoing
   - Demonstrable character change
   - Commitment to prosocial behavior

## Bottom Line:
Even if someone never pursues redemption, they should retain the *path* to it, based on the principle that human decency shouldn't be earned or forfeited through behavior.

**Note:** The poster emphasizes this is a philosophical/ethical argument, not a practical policy proposal addressing logistics or costs.",1,2,2,3
s97_s,"# Summary of the Argument

**Main Claim:** The current Republican Party exhibits fascist tendencies based on a 1945 U.S. War Department memo outlining how fascists would seize power in America.

**The Three Fascist Tactics Identified:**

1. **Divide the nation** through pitting groups against each other and organizing hate campaigns against minorities
2. **Reject international cooperation** in favor of ultra-nationalism, claiming national superiority
3. **Present a false binary** where opponents are labeled ""communists"" and framed as the only alternative to fascism

**Evidence Offered:**
- Breaking national unity through ICE enforcement and anti-immigrant/anti-trans rhetoric
- Alienating allies through tariffs and promoting self-sufficiency; claims that only the U.S. can protect Greenland/defend NATO
- Labeling political opponents as ""communists""

**How to Challenge This View:**
- Prove the U.S. doesn't exhibit these three behaviors
- Demonstrate the memo doesn't actually describe these tactics
- Show these behaviors aren't genuine indicators of fascism

The argument essentially frames contemporary Republican policies as matching historical fascist playbooks, using the 1945 government warning as an authoritative diagnostic framework.",1,1,2,3
s98_s,"# Summary

The argument claims that **team-based moral identity weakens democracy by replacing individual moral reasoning with tribal loyalty**.

## Core Claim
When people adopt their political party's positions as a complete moral identity—rather than reasoning through ethical questions independently—they undermine the pluralistic moral discourse that democracy requires.

## Key Problems Identified
1. **Abandoning moral reasoning**: People accept positions because their ""team"" holds them, not because they've reasoned through the ethics
2. **Inconsistent standards**: The same action is deemed moral or immoral depending on which party does it (e.g., pardons from different presidents)
3. **Tribal framing**: Opponents are seen as morally deficient rather than differently reasoned
4. **Oversimplification**: Complex ethical issues become black-and-white rather than nuanced

## Why This Matters for Democracy
Democracy depends on:
- Acceptance of legitimate opposition
- Commitment to procedural rules
- Willingness to accept electoral losses
- Recognition of shared civic membership

These break down when moral judgments become tribal rather than reasoned.

## Central Argument
Democracy requires **moral pluralism**—multiple legitimate frameworks and reasoning styles—not just demographic diversity. When people replace reasoning with tribal certainty, this pluralism erodes, destabilizing democratic foundations.

**The fix**: People should back up moral claims with",1,1,2,3
